district,mandal,village,lat,long,date,value
ADILABAD,Adilabad Urban,Adilabad,78.5247,19.6683,01/11/22,4.01
ADILABAD,Bazarhathnoor,Bazarhatnur,78.350833,19.458888,01/11/22,3.5
ADILABAD,Bela,Chandpally,78.848456,19.684431,01/11/22,7.45
ADILABAD,Bheempoor,Arli,78.37931,19.83196,01/11/22,6.9
ADILABAD,Bheempoor,Bheempur,78.417841,19.772188,01/11/22,4.5
ADILABAD,Boath,Boath,78.316527,19.342416,01/11/22,5.5
ADILABAD,Gudihathnur,Gudihatnoor,78.512222,19.525555,01/11/22,5.1
ADILABAD,Jainad,Bhoraj,78.546472,19.739722,01/11/22,9.25
ADILABAD,Jainad,Jainath,78.64,19.730555,01/11/22,1.7
ADILABAD,Narnoor,Narnoor,78.852654,19.495665,01/11/22,1.85
ADILABAD,Neradigonda,Neradigonda,78.41216,19.29375,01/11/22,6.7
ADILABAD,Talamadugu,Devapur,78.463111,19.612944,01/11/22,5.2
ADILABAD,Talamadugu,Talamadugu,78.3969,19.6334,01/11/22,4.35
ADILABAD,Tamsi,Tamsi,78.4268,19.6811,01/11/22,3.05
ADILABAD,Utnur,Utnoor,78.7685,19.3789,01/11/22,3.15
BHADRADRI,Allapalli,Allapalli,80.475008,17.82975,01/11/22,4.17
BHADRADRI,Allapalli,Markodu,80.51,17.91,01/11/22,4.99
BHADRADRI,Annapureddipalle,Annapureddypalli,80.826104,17.354519,01/11/22,13.86
BHADRADRI,Aswapuram,Ammagaripalli,80.85,17.87,01/11/22,2.82
BHADRADRI,Aswapuram,Aswapuram,80.809241,17.841678,01/11/22,4.18
BHADRADRI,Aswapuram,Aswapuram,80.807296,17.866547,01/11/22,4.45
BHADRADRI,Aswaraopeta,ASWARAOPET (D),81.11,17.24,01/11/22,31.43
BHADRADRI,Aswaraopeta,Aswaraopet (S),81.1106,17.2442,01/11/22,31.4
BHADRADRI,Aswaraopeta,Duradapadu,81.09,17.43,01/11/22,2.98
BHADRADRI,Aswaraopeta,Gummadivalli,81.18,17.42,01/11/22,1.75
BHADRADRI,Aswaraopeta,NANDIPADU,81.13,17.46,01/11/22,1.58
BHADRADRI,Aswaraopeta,Vinayakapuram,81.12,17.35,01/11/22,10.74
BHADRADRI,Bhadrachalam,Bhadrachalam,80.900922,17.666775,01/11/22,4.6
BHADRADRI,Burgampadu,Krishnasagar,80.81,17.71,01/11/22,5.72
BHADRADRI,Burgampadu,M.Banjara,80.7911,17.6447,01/11/22,5.99
BHADRADRI,Cherla,Cherla,80.83124,18.07449,01/11/22,1.64
BHADRADRI,Chandrugonda,Maddukuru,80.68,17.36,01/11/22,20.45
BHADRADRI,Chandrugonda,Ravikampadu,80.6106,17.3986,01/11/22,5.39
BHADRADRI,Cherla,Chinmedisileru,80.85,18.06,01/11/22,4.1
BHADRADRI,Cherla,Chunchupalli,80.608,17.529,01/11/22,3.99
BHADRADRI,Dammapeta,Malkaram,81.067815,17.308863,01/11/22,7.92
BHADRADRI,Dammapeta,Mandalapalli,81.01,17.24,01/11/22,38.81
BHADRADRI,Dammapeta,Patwarigudem,80.96,17.35,01/11/22,6.29
BHADRADRI,Dummugudem,Bandirevu,80.92,17.92,01/11/22,2.02
BHADRADRI,Dummugudem,Dummugudem,80.8937,17.8523,01/11/22,0.66
BHADRADRI,Gundala,Gundala,80.33,17.91,01/11/22,0.39
BHADRADRI,Gundala,Kanchanapalli,80.42,17.79,01/11/22,4.25
BHADRADRI,Gundala,Mamakannu,80.412727,17.865819,01/11/22,4.73
BHADRADRI,Gundala,Sainapalli,80.35,17.96,01/11/22,2.3
BHADRADRI,Gundala,Settupalli,80.347351,17.81182,01/11/22,2.09
BHADRADRI,Julurpad,P. Narsapuram,80.520318,17.438169,01/11/22,6.7
BHADRADRI,Julurpad,Papakollu,80.4828,17.4183,01/11/22,2.06
BHADRADRI,Karakagudem,karakagudem,80.50888,18.085377,01/11/22,1.84
BHADRADRI,Karakagudem,Karakagudem,80.568147,18.034655,01/11/22,0.92
BHADRADRI,Kothagudem,Kothagudem,80.62317,17.548245,01/11/22,21.85
BHADRADRI,Laxmidevipalli,Bangaruchelka,80.6,17.76,01/11/22,4.3
BHADRADRI,Laxmidevipalli,Laxmidevipalli,80.619,17.573,01/11/22,5.05
BHADRADRI,Manuguru,Manuguru,80.83008,17.955072,01/11/22,3.34
BHADRADRI,Manuguru,Pagideru,80.73,17.97,01/11/22,1.3
BHADRADRI,Mulakalapalle,Mulakalapalli (D),80.8319,17.5036,01/11/22,7.4
BHADRADRI,Mulakalapalle,MULAKALAPALLI (S),80.849156,17.478019,01/11/22,7.13
BHADRADRI,Mulakalapalle,N. Jaganadhapuram,80.86,17.43,01/11/22,7.08
BHADRADRI,Mulakalapalle,Pusugudem            (Pakeer thanda),80.76,17.54,01/11/22,1.92
BHADRADRI,Mulakalapalle,Thimmampet,80.93,17.54,01/11/22,2.82
BHADRADRI,Palawancha,Danthalaboru,80.84,17.59,01/11/22,5.8
BHADRADRI,Palawancha,Pathapalwancha,80.691699,17.546899,01/11/22,2.59
BHADRADRI,Palawancha,REGELLA,80.58,17.95,01/11/22,1.61
BHADRADRI,Palawancha,Ulavanoor,80.6792,17.7808,01/11/22,3.09
BHADRADRI,Palawancha,Yanmbailu,80.675979,17.686862,01/11/22,4.79
BHADRADRI,Pinapaka,Dugenepalli,80.65,18.13,01/11/22,2.4
BHADRADRI,Pinapaka,Potlapalli ,80.68,18.04,01/11/22,4.13
BHADRADRI,Sujathanagar,Sarvaram (Gudithanda),80.59,17.53,01/11/22,4.56
BHADRADRI,Sujathanagar,Sujathanagar,80.589,17.488,01/11/22,3.77
BHADRADRI,Tekulapalle,Bethampudi,80.45,17.56,01/11/22,5.72
BHADRADRI,Tekulapalle,Bodu,80.4436,17.6744,01/11/22,3.47
BHADRADRI,Tekulapalle,Mutyalampadu,80.5,17.54,01/11/22,3.18
BHADRADRI,Tekulapalle,Sulanagar,80.501917,17.543558,01/11/22,1.12
BHADRADRI,Yellandu,Komararam,80.32,17.71,01/11/22,1.73
BHADRADRI,Yellandu,Narayanapuram D,80.375,17.5125,01/11/22,4.62
BHADRADRI,Yellandu,NARAYANAPURAM S,80.38,17.51,01/11/22,4.6
BHADRADRI,Yellandu,Rompedu,80.3,17.65,01/11/22,3.61
BHADRADRI,Yellandu,Sudimalla,80.35,17.59,01/11/22,2.83
BHUPALPALLY,Bhupalpalle,Bhupalpally,79.876922,18.441128,01/11/22,3.81
BHUPALPALLY,Bhupalpalle,Gudadpally,79.8072,18.389256,01/11/22,3.38
BHUPALPALLY,Bhupalpalle,Nandigama,80.0572,18.4996,01/11/22,1.63
BHUPALPALLY,Chityal,Chityala,79.671932,18.337481,01/11/22,3.92
BHUPALPALLY,Chityal,Jadalpet,79.736111,18.383433,01/11/22,2.81
BHUPALPALLY,Ghanapur_Mulug,Chelpur(D),79.853503,18.368545,01/11/22,3.43
BHUPALPALLY,Ghanapur_Mulug,Chelpur(S),79.835062,18.375514,01/11/22,4.12
BHUPALPALLY,Ghanapur_Mulug,Velthurlapally,79.8885,18.3025,01/11/22,1.24
BHUPALPALLY,Kataram,Jadaraopet,79.883779,18.69579,01/11/22,11.23
BHUPALPALLY,Kataram,Medipally,79.923666,18.550111,01/11/22,15.26
BHUPALPALLY,Kataram,Regulagudem,79.868777,18.623722,01/11/22,31.28
BHUPALPALLY,Kataram,Shankarampally 125(D),79.8983,18.6022,01/11/22,13.28
BHUPALPALLY,Kataram,Shankarampally 47,79.89,18.61,01/11/22,19.96
BHUPALPALLY,Mutharam_Mahadevpur,Stambampally,79.9927,18.5639,01/11/22,1.43
BHUPALPALLY,Mutharam_Mahadevpur,Yatnaram,80.152333,18.573833,01/11/22,3.18
BHUPALPALLY,Mahadevpur,Ambatipalli,80.061858,18.695678,01/11/22,17.26
BHUPALPALLY,Mahadevpur,Annaram,79.843138,18.762444,01/11/22,14.19
BHUPALPALLY,Mahadevpur,Kaleswaram,79.905444,18.803055,01/11/22,5.42
BHUPALPALLY,Mahadevpur,Mahadevpur -125D,79.98,18.73,01/11/22,8.12
BHUPALPALLY,Mahadevpur,Mahadevpur 199D,79.98,18.73,01/11/22,8.39
BHUPALPALLY,Mahadevpur,Mahadevpur 75NC,79.9819,18.7206,01/11/22,7.48
BHUPALPALLY,Malharrao,Mallaram,79.785777,18.556805,01/11/22,3.29
BHUPALPALLY,Mogullapalle,Aknepally,79.6103,18.3631,01/11/22,4.28
BHUPALPALLY,Mogullapalle,Rangapur,79.6891,18.2716,01/11/22,4.13
BHUPALPALLY,Palmela,Kamanpally,80.245666,18.625166,01/11/22,1.96
BHUPALPALLY,Palmela,Lenkalagadda,80.129555,18.674833,01/11/22,7.38
BHUPALPALLY,Palmela,Sarvaipet,80.238166,18.683222,01/11/22,10.28
BHUPALPALLY,Regonda,Gorikothapally,79.8145,18.1796,01/11/22,3.28
BHUPALPALLY,Regonda,Regonda,79.7775,18.24,01/11/22,2.83
BHUPALPALLY,Tekumatla,Ramakrishnapuram,79.625,18.418,01/11/22,3.41
HYDERABAD,Ammerpet,"DIRECTOR WOMEN AND CHILD WELFARE, YOUSUFGUDA",78.45018,17.445016,01/11/22,
HYDERABAD,Ammerpet,S.R.Nagar,78.443916,17.442333,01/11/22,19.02
HYDERABAD,Ammerpet,"STDC Chest Hospital, Erragadda",78.433853,17.452381,01/11/22,11.71
HYDERABAD,Asifnagar,"Govt. Polytechnic, Masab Tank.",78.449566,17.382154,01/11/22,3.48
HYDERABAD,Asifnagar,Himayanagar,78.44525,17.397638,01/11/22,1.96
HYDERABAD,Asifnagar,Kulsanapur,78.437,17.374,01/11/22,2.68
HYDERABAD,Bandlaguda,Chandraingutta,78.484,17.333,01/11/22,10.77
HYDERABAD,Bandlaguda,Bahadurpura,78.458,17.351,01/11/22,1.61
HYDERABAD,Charminar,Darul Shifa,78.485,17.381,01/11/22,3.71
HYDERABAD,Himayatnagar,"Fever Hospital, Nallakunta",78.484698,17.409199,01/11/22,4.72
HYDERABAD,Himayatnagar,Indira Park,78.496983,17.398141,01/11/22,2.4
HYDERABAD,Khairatabad,"CME premises, Chinthalbasti",78.450174,17.428044,01/11/22,4.75
HYDERABAD,Khairatabad,"CME premises, Chinthalbasti",78.44964,17.427717,01/11/22,4.9
HYDERABAD,Khairatabad,Khairathabad,78.461,17.411,01/11/22,
HYDERABAD,Khairatabad,T.S..Secretariat,78.47,17.409,01/11/22,
HYDERABAD,Maredpally,"Govt.Jr.College,West Maredpally",78.505605,17.42697,01/11/22,3.41
HYDERABAD,Maredpally,Maredpally(s),78.509,17.441,01/11/22,5.94
HYDERABAD,Musheerabad,Musheerabad,78.512,17.422,01/11/22,4.91
HYDERABAD,Nampally,Nampally,78.474,17.385,01/11/22,2.54
HYDERABAD,Saidabad,Juvinile home,78.508,17.361,01/11/22,2.64
HYDERABAD,Secunderabad,"Sanjeevaiah Park, Hussian Sagar.",78.483009,17.435418,01/11/22,1.72
HYDERABAD,Shaikpet,Shaikpet,78.45,17.42,01/11/22,
HYDERABAD,Shaikpet,"Vengal Rao Park, Srinagar colony",78.415346,17.412964,01/11/22,2.34
HYDERABAD,Tirumalgiri,"NIMH,Hasmathpet",78.493825,17.463314,01/11/22,4.38
JAGITYAL,Beerpur,Kandlapalle,78.961055,19.027722,01/11/22,2.03
JAGITYAL,Dharmapuri,Dharmapuri,79.101944,18.946944,01/11/22,3.46
JAGITYAL,Dharmapuri,Jaina,79.0761,19.0106,01/11/22,5.29
JAGITYAL,Gollapalle,Gollapalli,79.0522,18.7906,01/11/22,3.81
JAGITYAL,Ibrahimpatnam,Ibrahimpatnam,78.579444,18.898611,01/11/22,3.36
JAGITYAL,Jagtial,Jagityal,78.8461,18.8252,01/11/22,5.19
JAGITYAL,Jagityal_Rural,Morapally,78.893939,18.790181,01/11/22,2.62
JAGITYAL,Kathlapur,Kathalapur,78.689722,18.752777,01/11/22,1.2
JAGITYAL,Kodimial,Chepial,78.935833,18.624722,01/11/22,3.29
JAGITYAL,Koratla,Ilapur,78.7039,18.8561,01/11/22,5.01
JAGITYAL,Koratla,Korutla,78.706388,18.818611,01/11/22,7.21
JAGITYAL,Mallapur,Mallapur,78.7064,18.9647,01/11/22,4.2
JAGITYAL,Mallapur,VV Raopet,78.770044,18.993948,01/11/22,3.98
JAGITYAL,Malial,Nukapalli,78.9222,18.7094,01/11/22,2.6
JAGITYAL,Medipalle,Desaipet,,,01/11/22,1.41
JAGITYAL,Medipalle,Katlakunta,78.813333,18.843888,01/11/22,1.37
JAGITYAL,Medipalle,Rangapur,78.792333,18.758416,01/11/22,1.81
JAGITYAL,Metpalle,Metpalli,78.620555,18.847777,01/11/22,
JAGITYAL,Metpalle,Atmakur,78.620111,18.752194,01/11/22,6.11
JAGITYAL,Metpalle,Bandalingapur,78.5853,18.8309,01/11/22,3.29
JAGITYAL,Metpalle,Metla Chittapur,78.588005,18.781131,01/11/22,2.3
JAGITYAL,Pegadapalle,Pegadapalli,79.064444,18.706388,01/11/22,3.2
JAGITYAL,Raikal,Bornapally,78.8235,19.0265,01/11/22,2.67
JAGITYAL,Raikal,Itikyal,78.760618,18.9192,01/11/22,1.3
JAGITYAL,Raikal,Raikal,78.802852,18.910338,01/11/22,2.27
JAGITYAL,Raikal,Vodde lingapur,78.837222,18.959166,01/11/22,0.88
JAGITYAL,Sarangapur,Rachapalli,78.931444,18.931444,01/11/22,3.01
JAGITYAL,Sarangapur,Sarangapur,78.958055,18.929722,01/11/22,3.75
JAGITYAL,Velgatoor,Chegyam,79.2736,18.8145,01/11/22,2.12
JAGITYAL,Velgatoor,Stambampally,79.161,18.861,01/11/22,1.46
JAGITYAL,Velgatoor,Velgatur,79.1697,18.8353,01/11/22,3.51
JANGAON,Bachannapeta,Bachannapet,79.0422,17.7908,01/11/22,3.09
JANGAON,Bachannapeta,Padamati Keshapur,78.9394,17.8383,01/11/22,4.79
JANGAON,Chilpur,Kistajigudem,79.2958,17.8772,01/11/22,4.9
JANGAON,Chilpur,Malkapur,79.3069,17.9341,01/11/22,2.35
JANGAON,Devaruppala,Devaruppula,79.3562,17.5374,01/11/22,0.5
JANGAON,Devaruppala,Singarajupalli,79.2738,17.5919,01/11/22,2.49
JANGAON,Ganpur_stn,Chagal,79.3604,17.8387,01/11/22,7.65
JANGAON,Ganpur_stn,Namiligonda,79.4042,17.8333,01/11/22,1.25
JANGAON,Jangaon,Jangaon,79.1474,17.6973,01/11/22,2.2
JANGAON,Jangaon,Siddanki,79.0981,17.7676,01/11/22,5.63
JANGAON,Kodakandla,Kodakandla,79.5144,17.5258,01/11/22,3.93
JANGAON,Lingalaghanpur,Jeedikal,79.1613,17.6084,01/11/22,2.48
JANGAON,Lingalaghanpur,Lingala ghanpur,79.1997,17.6591,01/11/22,2.65
JANGAON,Lingalaghanpur,Vadicherla,79.2365,17.6606,01/11/22,0.47
JANGAON,Narmetta,Machupahad,79.222159,17.87118,01/11/22,3.81
JANGAON,Narmetta,Veldanda,79.124717,17.858198,01/11/22,3.08
JANGAON,Palakurthi,Gudur,79.409394,17.736265,01/11/22,1.2
JANGAON,Palakurthi,Palakurthi,79.4225,17.6691,01/11/22,2.81
JANGAON,Raghunathpalle,Ibrahimpur,79.2289,17.7592,01/11/22,5.26
JANGAON,Raghunathpalle,Nidigonda,79.231,17.731,01/11/22,2.6
JANGAON,Raghunathpalle,Raghunadhapalli,79.2636,17.7647,01/11/22,4.1
JANGAON,Tharigoppula,Tarigopulla,79.1802,17.9427,01/11/22,3.85
JANGAON,Zaffergadh,Kunur,79.4766,17.847,01/11/22,8.45
JANGAON,Zaffergadh,Zafergad,79.487,17.7651,01/11/22,4.25
JOGULAMBA(GADWAL),Alampur,Alampur,78.121104,15.896441,01/11/22,2.3
JOGULAMBA(GADWAL),Dharur,Dharoor,77.678908,16.224385,01/11/22,3.39
JOGULAMBA(GADWAL),Dharur,Neelahally,77.641794,16.265211,01/11/22,3.36
JOGULAMBA(GADWAL),Gadwal,Gadwal,77.8021,16.2326,01/11/22,1.51
JOGULAMBA(GADWAL),Ghattu,Allor,77.628079,16.177873,01/11/22,3.1
JOGULAMBA(GADWAL),Ghattu,Gattu,77.5757,16.1287,01/11/22,1.9
JOGULAMBA(GADWAL),Ghattu,Induvasi,77.52,16.04,01/11/22,1.5
JOGULAMBA(GADWAL),Aiza,Eklaspur,77.6515,16.0482,01/11/22,1.68
JOGULAMBA(GADWAL),Aiza,Ieeza,77.671609,16.01518,01/11/22,9.22
JOGULAMBA(GADWAL),Itikyal,Kodandapur,77.565,16.249,01/11/22,11.26
JOGULAMBA(GADWAL),Kaloor_Timmanadoddi,Kondapur,77.8315,16.0701,01/11/22,3.74
JOGULAMBA(GADWAL),Kaloor_Timmanadoddi,Kuchinerla,77.526,16.179,01/11/22,1.21
JOGULAMBA(GADWAL),Maldakal,Maldakal,77.687599,16.129667,01/11/22,1.1
JOGULAMBA(GADWAL),Manopad,Manopad,77.9533,15.9656,01/11/22,1.58
JOGULAMBA(GADWAL),Undavelli,Pullur,78.01,15.92,01/11/22,17.6
JOGULAMBA(GADWAL),Undavelli,Undavally,78.04,15.93,01/11/22,1.7
JOGULAMBA(GADWAL),Waddepalle,Santhinagar,77.839,15.94,01/11/22,0.4
KAMAREDDY,Banswada,Bansawada,77.879,18.393,01/11/22,4.84
KAMAREDDY,Banswada,Budimi,77.89,18.34,01/11/22,1.96
KAMAREDDY,Bhiknur,Bhiknoor,78.399,18.196,01/11/22,2.06
KAMAREDDY,Bhiknur,Issannapally,78.4767,18.1429,01/11/22,1.69
KAMAREDDY,Bhiknur,P.D.Mallareddy,78.453,18.173,01/11/22,12.87
KAMAREDDY,Bibipet,Bibipet,78.523,18.205,01/11/22,8.3
KAMAREDDY,Bichkunda,Pulkal,77.767,18.399,01/11/22,2.11
KAMAREDDY,Birkoor,Birkur,77.803,18.47,01/11/22,6.05
KAMAREDDY,Domakonda,Domakonda,78.436,18.25,01/11/22,8.66
KAMAREDDY,Gandhari,Gandhari,78.107,18.396,01/11/22,11.59
KAMAREDDY,Gandhari,Ramlaxmanpally,78.13,18.32,01/11/22,6.89
KAMAREDDY,Gandhari,Sarvapoor,77.9851,18.3647,01/11/22,6.54
KAMAREDDY,Jukkal,Jukkal,77.604,18.364,01/11/22,2.18
KAMAREDDY,Jukkal,Savargao,77.649524,18.321675,01/11/22,2.91
KAMAREDDY,Kamareddy,Adloor,78.3435,18.3438,01/11/22,8.33
KAMAREDDY,Kamareddy,Narasannapally,78.3617,18.2686,01/11/22,5.84
KAMAREDDY,Lingampet,Bhavanipet,78.058,18.2791,01/11/22,5.22
KAMAREDDY,Lingampet,Khannapur,78.16,18.19,01/11/22,7.65
KAMAREDDY,Lingampet,Mothe,78.17,18.31,01/11/22,4.27
KAMAREDDY,Machareddy,Machareddy,78.493,18.329,01/11/22,3.13
KAMAREDDY,Madnur,Menoor,77.652,18.483,01/11/22,3.18
KAMAREDDY,Madnur,SOMUR,77.603085,18.419887,01/11/22,1.35
KAMAREDDY,Naga_Reddipet,Banjara Thanda,78.0818,18.1449,01/11/22,5.8
KAMAREDDY,Naga_Reddipet,Malthummeda,78.142,18.114,01/11/22,6.77
KAMAREDDY,Naga_Reddipet,Nasurullabad,77.873,18.468,01/11/22,1.9
KAMAREDDY,Nizamsagar,Achampet,77.93,18.21,01/11/22,5.56
KAMAREDDY,Nizamsagar,Mohammadnagar,77.908661,18.293098,01/11/22,2
KAMAREDDY,Pedda Kodapgal,Shanthapur,77.73,18.33,01/11/22,3.14
KAMAREDDY,Pedda Kodapgal,Maddela Cheruvu,77.85,18.35,01/11/22,7.96
KAMAREDDY,Rajampet,Argonda,78.272,18.234,01/11/22,2.93
KAMAREDDY,Rajampet,Kondapur,78.289,18.184,01/11/22,6.16
KAMAREDDY,Ramareddy,Reddypet,78.417,18.409,01/11/22,7.26
KAMAREDDY,Sadasivanagar,Sadasivanagar,78.264,18.406,01/11/22,4.44
KAMAREDDY,Tadwai,Yerrapahad,78.223,18.293,01/11/22,1.58
KAMAREDDY,Tadwai,Annaram,78.241562,18.35434,01/11/22,4.45
KAMAREDDY,Yellareddy,Yellareddy,78.02,18.194,01/11/22,7.32
KAMAREDDY,Banswada,HANMAJIPET ,78.001667,18.433056,01/11/22,4.09
KAMAREDDY,Bhiknur,KACHAPOOR ,78.452778,18.192778,01/11/22,8.23
KAMAREDDY,Bhiknur,MALLUPALLY ,78.445,18.155,01/11/22,15.22
KAMAREDDY,Bichkunda,DOULTHAPUR ,77.700556,18.384444,01/11/22,3.8
KAMAREDDY,Bichkunda,GUNDE NEMLI ,77.807778,18.362778,01/11/22,6.75
KAMAREDDY,Bichkunda,PD DADGI ,77.742222,18.368056,01/11/22,13.83
KAMAREDDY,Domakonda,AMBERPET ,78.488056,18.262778,01/11/22,2.81
KAMAREDDY,Domakonda,ANCHANOOR ,78.459444,18.244722,01/11/22,9.56
KAMAREDDY,Gandhari,CHADMAL ,78.077222,18.459167,01/11/22,17.21
KAMAREDDY,Gandhari,GURJAL ,78.140556,18.3575,01/11/22,11.56
KAMAREDDY,Lingampet,LINGAMPET ,78.127778,18.2375,01/11/22,0.05
KAMAREDDY,Lingampet,PARMALLA,78.127778,18.201944,01/11/22,2.96
KAMAREDDY,Machareddy,RAJKHANPET ,78.519722,18.356389,01/11/22,5.07
KAMAREDDY,Madnur,MADNOOR ,77.628889,18.500278,01/11/22,3.19
KAMAREDDY,Madnur,RUSEGAON,77.683333,18.435,01/11/22,1.41
KAMAREDDY,Naga_Reddipet,WADALPARTHY ,78.154722,18.136667,01/11/22,10.6
KAMAREDDY,Naga_Reddipet,BOMMADEVPALLY ,77.901111,18.471389,01/11/22,1.43
KAMAREDDY,Naga_Reddipet,BOPPASPALLY ,77.8425,18.485278,01/11/22,3.93
KAMAREDDY,Naga_Reddipet,MIRZAPUR ,77.843889,18.447778,01/11/22,3.8
KAMAREDDY,Nizamsagar,BURGUL ,77.940556,18.258056,01/11/22,2.96
KAMAREDDY,Nizamsagar,NARVA ,77.9725,18.258333,01/11/22,0.64
KAMAREDDY,Nizamsagar,VELGANOOR ,77.868056,18.195278,01/11/22,7.76
KAMAREDDY,Pedda Kodapgal,CHILLARGI ,77.832222,18.2875,01/11/22,4.77
KAMAREDDY,Pedda Kodapgal,GODMAGAON ,77.757778,18.231667,01/11/22,6.52
KAMAREDDY,Pedda Kodapgal,KURTHI / RAMPUR,77.879167,18.298056,01/11/22,2
KAMAREDDY,Pedda Kodapgal,NAGAMPALLY ,77.847222,18.246944,01/11/22,6
KAMAREDDY,Pedda Kodapgal,PITLAM ,77.842222,18.227222,01/11/22,7.81
KAMAREDDY,Rajampet,SIDDAPOOR ,78.243333,18.165,01/11/22,8.32
KAMAREDDY,Ramareddy,DEVANPALLE ,78.443056,18.331667,01/11/22,9.88
KAMAREDDY,Sadasivanagar,PADMAJI WADA ,78.237778,18.429167,01/11/22,8.23
KAMAREDDY,Sadasivanagar,UTNOOR ,78.191111,18.438333,01/11/22,5.62
KAMAREDDY,Tadwai,KANKAL,78.217778,18.341667,01/11/22,24.83
KAMAREDDY,Yellareddy,THIMMAREDDY ,77.995833,18.2375,01/11/22,8.93
KAMAREDDY,Yellareddy,YELLAREDDY ,78.011389,18.201111,01/11/22,7.32
KARIMNAGAR,Chigurumamidi,Bommanapalli,79.2301,18.2126,01/11/22,
KARIMNAGAR,Chigurumamidi,Chigurumamidi,79.154589,18.263438,01/11/22,2.35
KARIMNAGAR,Chigurumamidi,Ramancha,79.201111,18.23625,01/11/22,5.22
KARIMNAGAR,Choppadandi,Rukmapur,79.1461,18.5334,01/11/22,6.6
KARIMNAGAR,Ellandakunta,Illanthukunta ,79.5058,18.2992,01/11/22,2.66
KARIMNAGAR,Gangadhara,Burugupally,79.0333,18.6386,01/11/22,6.73
KARIMNAGAR,Gangadhara,Gangadhara,79.008888,18.579444,01/11/22,18.35
KARIMNAGAR,Gannervaram,Mylaram,79.078,18.368,01/11/22,4.9
KARIMNAGAR,Huzurabad,Huzurabad,79.407573,18.189488,01/11/22,1.86
KARIMNAGAR,Jammikunta,Vavilala,79.5529,18.3963,01/11/22,3.06
KARIMNAGAR,Karimnagar (Rural-I),Nagnur,79.144638,18.500305,01/11/22,1.83
KARIMNAGAR,Karimnagar,Karimnagar,79.128333,18.436111,01/11/22,4.78
KARIMNAGAR,Shankarapatnam,Thadikal,79.2894,18.3089,01/11/22,4
KARIMNAGAR,Manakondur,Laxmipur,79.285194,18.446611,01/11/22,1.93
KARIMNAGAR,Ramadugu,Gundi,79.08725,18.618833,01/11/22,3.05
KARIMNAGAR,V_Saidapur,Saidapur,79.305174,18.2148,01/11/22,3.27
KARIMNAGAR,Thimmapur,Alugunur,79.151234,18.400873,01/11/22,2.9
KARIMNAGAR,Thimmapur,Nedunur,79.1383,18.3117,01/11/22,7.63
KARIMNAGAR,Veenavanka,Veenavanka,79.420555,18.346111,01/11/22,2.8
KHAMMAM,Bonakal,Mustikunta,80.223141,17.040809,01/11/22,1.2
KHAMMAM,Bonakal,Pedabeeravalli,80.3,17.05,01/11/22,1.03
KHAMMAM,Chinthakani,Pandillapalli,80.18,17.15,01/11/22,1.55
KHAMMAM,Enkuru,Enkoor,80.44,17.33,01/11/22,2.93
KHAMMAM,Enkuru,Timmaraopeta,80.37,17.37,01/11/22,1.6
KHAMMAM,Kalluru,Kallur,80.5467,17.21,01/11/22,1.54
KHAMMAM,Kamepalle,Kothalingala,80.237801,17.429453,01/11/22,3.33
KHAMMAM,Kamepalle,Ootkuru,80.3,17.46,01/11/22,3.86
KHAMMAM,Khammam_Rural,Theerthala,80.143482,17.370784,01/11/22,0.98
KHAMMAM,Khammam_Rural,M.V.Palem,80.0969,17.2967,01/11/22,3.09
KHAMMAM,Khammam_Urban,Khammam I,80.1333,17.2333,01/11/22,0.6
KHAMMAM,Khammam_Urban,Khammam-II,80.1436,17.2525,01/11/22,0.95
KHAMMAM,Konijerla,Gubbagurthi,80.36,17.28,01/11/22,1.96
KHAMMAM,Konijerla,Konijerla,80.2908,17.2211,01/11/22,1.25
KHAMMAM,Kusumanchi,Jakkapally,79.97,17.14,01/11/22,1.76
KHAMMAM,Kusumanchi,Kusumanchi,79.9583,17.2208,01/11/22,5.93
KHAMMAM,Madhira,Madhira,80.36748,16.92114,01/11/22,4.94
KHAMMAM,Madhira,Nidhanapuram,80.42,16.92,01/11/22,3.9
KHAMMAM,Mudigonda,Banapuram,80.12,17.06,01/11/22,0.37
KHAMMAM,Mudigonda,Mudigonda,80.0986,17.1875,01/11/22,1.51
KHAMMAM,Nelakondapalle,Bodulabanda,80.02,17.09,01/11/22,2.05
KHAMMAM,Nelakondapalle,Buddaram,80.06,17.02,01/11/22,2.74
KHAMMAM,Penuballi,Lankapalli,80.74,17.2,01/11/22,8.22
KHAMMAM,Penuballi,Lingagudem,80.656018,17.26324,01/11/22,
KHAMMAM,Penuballi,Penuballi,80.67,17.21,01/11/22,1.72
KHAMMAM,Penuballi,Tallapenta,80.616401,17.233938,01/11/22,1.64
KHAMMAM,Raghunadhapalem,Erlapudi,80.27,17.32,01/11/22,3.03
KHAMMAM,Sathupalle,Cherukupalli,80.78,17.26,01/11/22,3.23
KHAMMAM,Sathupalle,Prakashnagar,80.8942,17.1942,01/11/22,35.79
KHAMMAM,Singareni,Madharam,80.23,17.54,01/11/22,1.17
KHAMMAM,Thallada,Anjanapuram,80.4625,17.2147,01/11/22,1.49
KHAMMAM,Thallada,Laxmipuram,80.484741,17.172303,01/11/22,2.13
KHAMMAM,Thirumalayapalem,Kakaravai,79.84,17.31,01/11/22,1.02
KHAMMAM,Thirumalayapalem,Tippareddigudem,79.98,17.37,01/11/22,1.59
KHAMMAM,Thirumalayapalem,Bachode,79.9006,17.2997,01/11/22,2.73
KHAMMAM,Thirumalayapalem,Tirumalayapalem,80.050896,17.317454,01/11/22,1.84
KHAMMAM,Vemsoor,Vemsur,80.805,17.1442,01/11/22,2.25
KHAMMAM,Vemsoor,Kallurigudem,80.75,17.11,01/11/22,5.65
KHAMMAM,Vemsoor,Kandukuru,80.84,17.07,01/11/22,1.82
KHAMMAM,Wyra,Siripuram,80.4803,16.8606,01/11/22,1.3
KHAMMAM,Yerrupalem,Banigandlapadu,80.48,16.86,01/11/22,8.22
KHAMMAM,Yerrupalem,Bheemavaram,80.51,16.94,01/11/22,1.61
KUMURAM BHEEM,Asifabad,Asifabad,79.286065,19.359617,01/11/22,8.9
KUMURAM BHEEM,Asifabad,Kommuguda,79.250368,19.391953,01/11/22,1.28
KUMURAM BHEEM,Bejjur,Bejjur,79.862302,19.356582,01/11/22,2.6
KUMURAM BHEEM,Bejjur,Rebbana,79.75,19.400277,01/11/22,2.22
KUMURAM BHEEM,Dahegaon,Dahegaon,79.702222,19.250555,01/11/22,10.63
KUMURAM BHEEM,Jainoor,Rasimetta,78.996121,19.400645,01/11/22,3.72
KUMURAM BHEEM,Kagaznagar,Jambugaon,79.576266,19.325138,01/11/22,9.68
KUMURAM BHEEM,Kagaznagar,Kagaznagar,79.496997,19.355709,01/11/22,3.68
KUMURAM BHEEM,Kerameri,Bheemangondi,79.152032,19.423766,01/11/22,8.24
KUMURAM BHEEM,Kerameri,Kerameri,79.05625,19.444,01/11/22,9.47
KUMURAM BHEEM,Kouthala,Kowthala,79.7324,19.5219,01/11/22,2.65
KUMURAM BHEEM,Lingapur,Loddiguda,79.088,19.233,01/11/22,0.92
KUMURAM BHEEM,Penchikalpet,Yelkapally,79.756802,19.278088,01/11/22,13.13
KUMURAM BHEEM,Rebbana,Rebbena II,79.415972,19.257,01/11/22,5.08
KUMURAM BHEEM,Sirpur_T,Sirput-T,79.57,19.48,01/11/22,0.02
KUMURAM BHEEM,Tiryani,Bheempur,79.203166,19.110748,01/11/22,4.45
KUMURAM BHEEM,Tiryani,Pangidimadra,79.14703,19.25113,01/11/22,3.53
KUMURAM BHEEM,Tiryani,Tiryani,79.27225,19.174472,01/11/22,8.51
KUMURAM BHEEM,Wankdi,Savathi,79.27,19.57,01/11/22,6.8
KUMURAM BHEEM,Wankdi,Wankidi,79.32,19.48,01/11/22,6.07
MAHABUBABAD,Bayyaram,Balajipeta,80.0872,17.6106,01/11/22,2.84
MAHABUBABAD,Bayyaram,Gurimalla***,80.064252,17.700295,01/11/22,
MAHABUBABAD,Bayyaram,Kothagudem***,80.13076,17.605338,01/11/22,
MAHABUBABAD,Bayyaram,Kothapeta***,80.169084,17.57044,01/11/22,
MAHABUBABAD,Bayyaram,Motlathimapuram***,80.094153,17.690379,01/11/22,
MAHABUBABAD,Chinnagudur,Chinna Gudur,79.885498,17.514565,01/11/22,1.54
MAHABUBABAD,Danthalapalle,Dhantalapally,79.7347,17.5147,01/11/22,1.91
MAHABUBABAD,Dornakal,Gollacherla,80.0922,17.4679,01/11/22,0.74
MAHABUBABAD,Seerole,Mannegudem,80.043883,17.374115,01/11/22,3.03
MAHABUBABAD,Dornakal,Perumalla Sankeesa,80.0536,17.4202,01/11/22,1.56
MAHABUBABAD,Ganagavaram,Gangaram,80.216,17.848,01/11/22,2.35
MAHABUBABAD,Ganagavaram,Komatlagudem,80.2306,17.8808,01/11/22,10.1
MAHABUBABAD,Garla,Garla***,80.157452,17.509108,01/11/22,
MAHABUBABAD,Garla,Maddivancha***,80.10484,17.508689,01/11/22,
MAHABUBABAD,Gudur,Gudur,79.9811,17.8005,01/11/22,2
MAHABUBABAD,Kesamudram,Kalwala,79.8869,17.6555,01/11/22,2.1
MAHABUBABAD,Kesamudram,Kesamudram,79.9069,17.6816,01/11/22,2.15
MAHABUBABAD,Kuravi,Ayyagaripally,79.9886,17.503,01/11/22,2.32
MAHABUBABAD,Kuravi,Mogilicherla,80.0335,17.5403,01/11/22,2.25
MAHABUBABAD,Seerole,Upperagudem,80.0355,17.4494,01/11/22,3.25
MAHABUBABAD,Kothaguda,Kothaguda,80.0551,17.9105,01/11/22,6.12
MAHABUBABAD,Kothaguda,Madagudem,80.175691,17.835962,01/11/22,2.15
MAHABUBABAD,Kothaguda,Sidireddypally,80.0451,17.9941,01/11/22,7.29
MAHABUBABAD,Mahabubabad,Amanagal,79.9099,17.594,01/11/22,3.25
MAHABUBABAD,Mahabubabad,Mahabubabad,80.0011,17.5983,01/11/22,1.63
MAHABUBABAD,Maripeda,Giripuram,79.878278,17.369232,01/11/22,4.19
MAHABUBABAD,Maripeda,Marripeda,79.8941,17.3852,01/11/22,3.31
MAHABUBABAD,Maripeda,Yellampet,79.8631,17.4501,01/11/22,0.89
MAHABUBABAD,Narsimhulapet,Komalavancha,79.789,17.53,01/11/22,2.16
MAHABUBABAD,Inugurthy,Chinna Nagaram,79.7746,17.6377,01/11/22,4.65
MAHABUBABAD,Nellikudur,Nellikudur,79.7597,17.5897,01/11/22,1.91
MAHABUBABAD,Nellikudur,Ramanjapuram,79.7249,17.6159,01/11/22,3.93
MAHABUBABAD,Peddavangara,Waddekothapalli,79.558433,17.527081,01/11/22,3.08
MAHABUBABAD,Thorrur,Haripirala,79.645,17.5225,01/11/22,0.51
MAHABUBABAD,Thorrur,Torrur,79.6611,17.5836,01/11/22,3.19
MAHABUBNAGAR,Addakal,Addakal,77.954489,16.487109,01/11/22,2.14
MAHABUBNAGAR,Balanagar,Udityal,78.12,16.97,01/11/22,5.38
MAHABUBNAGAR,Bhoothpur,Bhoothpur,78.055246,16.697147,01/11/22,1.55
MAHABUBNAGAR,Bhoothpur,Elkicherla,78.116,16.623,01/11/22,3.1
MAHABUBNAGAR,Chinna_Chintha_Kunta,Damagnapur,77.7554,16.4997,01/11/22,0.5
MAHABUBNAGAR,Chinna_Chintha_Kunta,Kurumurthy,77.816757,16.441442,01/11/22,6.58
MAHABUBNAGAR,Koukuntla,Thirmalapur,77.824269,16.48271,01/11/22,0.75
MAHABUBNAGAR,Devarkadara,Chinnarajmoor,77.774,16.68,01/11/22,5.5
MAHABUBNAGAR,Devarkadara,Devarakadra,77.832836,16.6058,01/11/22,5.88
MAHABUBNAGAR,Koukuntla,Koukuntla,77.857,16.522,01/11/22,2.6
MAHABUBNAGAR,Devarkadara,Meenuguvanipally,77.814497,16.58695,01/11/22,0.41
MAHABUBNAGAR,Gandeed,Mohammadabad,77.898,16.904,01/11/22,2.93
MAHABUBNAGAR,Gandeed,Salkerpet,77.798,16.948,01/11/22,3.1
MAHABUBNAGAR,Hanwada,Hanwada,77.897252,16.808381,01/11/22,5.46
MAHABUBNAGAR,Hanwada,Vepur,77.79,16.84,01/11/22,5.04
MAHABUBNAGAR,Jadcherla,Jadcherla,78.122404,16.774181,01/11/22,8.7
MAHABUBNAGAR,Jadcherla,Konded,78.26586,16.834188,01/11/22,6.83
MAHABUBNAGAR,Koilkonda,Dammaipally,77.89946,16.759993,01/11/22,1.53
MAHABUBNAGAR,Koilkonda,Koilkonda,77.790148,16.75775,01/11/22,1.08
MAHABUBNAGAR,Mahabubnagar_Rural,Kodur,77.924,16.68,01/11/22,6.27
MAHABUBNAGAR,Mahabubnagar_Urban,Yenugonda,78.020981,16.761294,01/11/22,6.21
MAHABUBNAGAR,Midjil,Kothapalli,78.2315,16.7506,01/11/22,3.3
MAHABUBNAGAR,Midjil,Midjil,78.318739,16.726583,01/11/22,7.88
MAHABUBNAGAR,Musapet,MOOSPET,77.98,16.6,01/11/22,2.86
MAHABUBNAGAR,Nawabpet,Nawabpet,78.0239,16.888,01/11/22,4.09
MAHABUBNAGAR,Rajapur,Rajapur,78.1538,16.8378,01/11/22,10.02
MANCHERIAL,Bellampalle,Bellampally I,79.503111,19.072027,01/11/22,11.69
MANCHERIAL,Bheemini,Rampur,79.58394,19.1695,01/11/22,0.3
MANCHERIAL,Chennur,Chennur I,79.780222,18.852222,01/11/22,4.39
MANCHERIAL,Chennur,Kommera,79.79981,18.7725,01/11/22,0.7
MANCHERIAL,Dandepalle,Myadaripet,79.144671,19.005028,01/11/22,2.3
MANCHERIAL,Hajipur,Hazipur,79.322716,18.874803,01/11/22,2
MANCHERIAL,Jaipur,Jaipur,79.579972,18.844277,01/11/22,1.7
MANCHERIAL,Jaipur,Kundaram,79.631578,18.787918,01/11/22,9.1
MANCHERIAL,Jannaram,Indanpally,78.942222,19.148888,01/11/22,1.8
MANCHERIAL,Kannepalli,Jankapur,79.408055,19,01/11/22,0.01
MANCHERIAL,Kasipet,Kondapur,79.397808,19.039139,01/11/22,1.8
MANCHERIAL,Kotapalle,Kotapally,79.881944,18.95,01/11/22,6.33
MANCHERIAL,Luxettipet,Luxettipet,79.202054,18.877722,01/11/22,2.7
MANCHERIAL,Mandamarri,Mandamarri,79.477854,18.978679,01/11/22,3.15
MANCHERIAL,Mandamarri,Ponnaram,79.544712,18.940004,01/11/22,11.3
MANCHERIAL,Nennal,Nennel,79.627194,19.079833,01/11/22,2.17
MANCHERIAL,Tandur,Tandur ,79.456254,19.157871,01/11/22,7.13
MANCHERIAL,Vemanpalle,Neelwai,79.81505,19.04799,01/11/22,0.01
MEDAK,Alladurg,Alladurg,77.9379,17.967169,01/11/22,13.3
MEDAK,Alladurg,Muslapur,77.986111,17.918055,01/11/22,
MEDAK,Chegunta,Chegunta,78.5186,17.9341,01/11/22,5.23
MEDAK,Chegunta,Chandiapet,78.459722,17.978333,01/11/22,7.74
MEDAK,Chilipched,Chilipade,78.124868,17.866623,01/11/22,10.7
MEDAK,Havelighanpur,Mutayapally,78.2189,18.0845,01/11/22,2.91
MEDAK,Havelighanpur,Nagaram (Fareedpur),78.2005,18.0709,01/11/22,5.84
MEDAK,Kowdipalle,Kowdipally,78.205,17.903,01/11/22,10.55
MEDAK,Kulcharam,Rangampet,78.1176,17.9451,01/11/22,14.25
MEDAK,Manoharabad,Manaharabad,78.467042,17.755675,01/11/22,3.15
MEDAK,Medak,Medak,78.2708,18.0528,01/11/22,8.44
MEDAK,Medak,Pillikotal,78.2723,18.0398,01/11/22,3.13
MEDAK,Narsapur,Narasapur,78.2819,17.735,01/11/22,7.79
MEDAK,Narsingi,Narasingi,78.422942,18.046612,01/11/22,13.03
MEDAK,Narsapur,Reddypally,78.2633,17.7856,01/11/22,4.05
MEDAK,Nizampet,Naskal,78.5476,18.1614,01/11/22,3.94
MEDAK,Papannapet,Papannapet,78.085354,18.04217,01/11/22,3.92
MEDAK,Ramayampet,Ramayampet,78.430927,18.115852,01/11/22,5.4
MEDAK,Regode,T.lingampally,77.827959,17.943349,01/11/22,2.59
MEDAK,Shankarampet_A,Gavvalapalli,77.9172,18.0517,01/11/22,2.89
MEDAK,Shankarampet_R,Shankarampet,78.372,17.971,01/11/22,5.75
MEDAK,Shivampet,Shivampet,78.37,17.7863,01/11/22,3.45
MEDAK,Shivampet,Gudur,78.3674,17.7817,01/11/22,9.88
MEDAK,Shivampet,Usrikapally,78.3949,17.8211,01/11/22,7.96
MEDAK,Tekmal,Tekmal,78.0304,17.9754,01/11/22,3.92
MEDAK,Tupran,Islampur,78.4746,17.8772,01/11/22,2.72
MEDAK,Tupran,Toopran,78.4775,17.8413,01/11/22,7.79
MEDAK,Yeldurthy,Edulapally,78.3492,17.9672,01/11/22,14.41
MEDAK,Yeldurthy,Kukunoor,78.3208,17.9146,01/11/22,1.55
MEDAK,Yeldurthy,Ramayapally,78.3213,17.9453,01/11/22,3.72
MEDAK,Yeldurthy,Yeldurthy,78.9505,18.7766,01/11/22,10.73
MEDAK,Alladurg,Peddapur,77.983111,17.901389,01/11/22,7.12
MEDAK,Chilipched,Chilipched,78.128444,17.855139,01/11/22,10.7
MEDAK,Havelighanpur,Kuchanpally,78.230789,18.070072,01/11/22,3.39
MEDAK,Havelighanpur,Nagapur,78.257278,18.12,01/11/22,4.57
MEDAK,Havelighanpur,Rajpet,78.195289,18.164219,01/11/22,1.9
MEDAK,Havelighanpur,Sardana,78.186769,18.086494,01/11/22,5.89
MEDAK,Kulcharam,Kulcharam,78.192583,17.959417,01/11/22,3.06
MEDAK,Manoharabad,Muppireddypally,78.483889,17.72625,01/11/22,5.15
MEDAK,Masaipet,Masaipet,78.463056,17.912917,01/11/22,7.42
MEDAK,Medak,Pathur,78.315528,18.091583,01/11/22,6.92
MEDAK,Medak,Perur,78.219917,18.030361,01/11/22,3.18
MEDAK,Medak,Rajpally,78.303389,18.025111,01/11/22,9.91
MEDAK,Narsapur,Chippalthurthy,78.223417,17.774028,01/11/22,8.85
MEDAK,Narsapur,Kagazmaddur,78.284944,17.693139,01/11/22,8.81
MEDAK,Narsapur,Lingapur,78.296694,17.780556,01/11/22,5.17
MEDAK,Narsingi,Narsingi,78.435472,18.046806,01/11/22,13.03
MEDAK,Papannapet,Kodapaka,78.133806,17.981778,01/11/22,2.85
MEDAK,Ramayampet,Dharmaram,78.490278,18.069278,01/11/22,12.51
MEDAK,Ramayampet,Katriyal,78.343861,18.152083,01/11/22,6.45
MEDAK,Ramayampet,Ramayampet,78.427361,18.114278,01/11/22,5.4
MEDAK,Regode,Gajwada,77.830167,17.917167,01/11/22,14.75
MEDAK,Shankarampet_R,Dharpally,78.385722,17.921278,01/11/22,5.61
MEDAK,Shankarampet_R,Shankarampet-R,78.413128,17.983897,01/11/22,16.17
MEDAK,Shivampet,Sikindlapur,78.42075,17.744583,01/11/22,1.53
MEDAK,Tekmal,Dhannaram,78.047472,17.943278,01/11/22,5.75
MEDAK,Tekmal,Yellupet,78.019694,18.033972,01/11/22,3.45
MEDAK,Tupran,Malkapur,78.528472,17.868972,01/11/22,2.01
MEDAK,Tupran,Nagulapally,78.460167,17.863167,01/11/22,14.92
MEDCHAL,Alwal,Old Alwal,78.508,17.494,01/11/22,4.53
MEDCHAL,Bachpalle,Nizampet,78.38,17.52,01/11/22,3.89
MEDCHAL,Balanagar,Balanagar 1,78.45,17.47,01/11/22,2.95
MEDCHAL,Balanagar,Balanagar 2,78.448,17.466,01/11/22,3.15
MEDCHAL,Balanagar,Fethenagar,78.44,17.46,01/11/22,6.85
MEDCHAL,Gandimaisamma Dundigal,Dulapally,78.46,17.55,01/11/22,8.4
MEDCHAL,Gandimaisamma Dundigal,Dundigal,78.416,17.608,01/11/22,15.98
MEDCHAL,Gandimaisamma Dundigal,Shambhirpur,78.370275,17.564805,01/11/22,5.19
MEDCHAL,Ghatkesar,Ghatkesar,78.679,17.447,01/11/22,3.51
MEDCHAL,Kapra,Balaji Nagar,78.547,17.547,01/11/22,3.56
MEDCHAL,Kapra,Cherlapally,78.611,17.468,01/11/22,0.85
MEDCHAL,Keesara,Kessara,78.575,17.484,01/11/22,
MEDCHAL,Keesara,Yadgarpally,78.63,17.55,01/11/22,7.83
MEDCHAL,Kukatpally,Kaithalapur,78.4,17.47,01/11/22,2.48
MEDCHAL,Kukatpally,Kukatpally 1,78.397,17.481,01/11/22,3.94
MEDCHAL,Kukatpally,Kukatpally 2,78.39,17.49,01/11/22,7.85
MEDCHAL,Malkajgiri,Malkajgiri,78.535,17.449,01/11/22,14.07
MEDCHAL,Medchel,Gundla pochampally,78.48,17.567,01/11/22,6.03
MEDCHAL,Medchel,Medchal,78.485,17.62,01/11/22,1.92
MEDCHAL,Medchel,Pudur,78.528,17.62,01/11/22,
MEDCHAL,Quthbullapur,Gajularamaram 1,78.42,17.53,01/11/22,1.48
MEDCHAL,Quthbullapur,Gajularamaram 2,78.42,17.53,01/11/22,1.49
MEDCHAL,Quthbullapur,Jeedimetla,78.47,17.52,01/11/22,6.34
MEDCHAL,Quthbullapur,Qutubullapur 1,78.455,17.498,01/11/22,
MEDCHAL,Quthbullapur,Qutubullapur 2,78.46,17.5,01/11/22,8.9
MEDCHAL,Quthbullapur,Shapurnagar,78.44,17.54,01/11/22,
MEDCHAL,Shamirpet,Jagamguda,78.626,17.623,01/11/22,
MEDCHAL,Shamirpet,Pothaipally,78.54,17.551,01/11/22,2.68
MEDCHAL,Shamirpet,Shahmirpet,78.574,17.583,01/11/22,1.58
MEDCHAL,Shamirpet,Turkapally,78.594,17.667,01/11/22,1.71
MEDCHAL,Uppal,Uppal,78.584,17.408,01/11/22,7.23
MEDCHAL,Medipally,MEDIPALLY,78.613635,17.416493,01/11/22,6.53
MEDCHAL,Alwal,Yapral Sub station,78.54454,17.50532,01/11/22,2.31
MEDCHAL,Ghatkesar,Singapur Township Sub Station,78.74042,17.45379,01/11/22,5.85
MEDCHAL,Kapra,N.N Colony Kapra Sub Station,78.69445,17.65836,01/11/22,3.54
MEDCHAL,Kapra,Balaji Nagar Substation,78.56549,17.520823,01/11/22,1.75
MEDCHAL,Keesara,Keesara Sub station,78.6608,17.5253,01/11/22,2.45
MEDCHAL,Keesara,Jafarguda MPP School (Godumakunta),78.6528,17.48185,01/11/22,3.15
MEDCHAL,Kukatpally,Kukatpally MRO Office,78.4128,17.47686,01/11/22,
MEDCHAL,Malkajgiri,Moula - Ali Sub station,78.55862,17.45559,01/11/22,7.91
MEDCHAL,Medchel,Dabilpur park in GP Layout,78.4744,17.6778,01/11/22,2.56
MEDCHAL,Medchel,Banda Madaram Sub station,78.43964,17.65572,01/11/22,3.47
MEDCHAL,Shamirpet,Ponnala ZPHS,78.63258,17.60217,01/11/22,5.02
MEDCHAL,Shamirpet,DevaraYamjal Near Mission Bhagirath Compound,78.5253,17.5592,01/11/22,3.08
MEDCHAL,Shamirpet,Ailayabad ZPHS,78.5931,17.6269,01/11/22,3.12
MEDCHAL,Uppal,Mallapur Sub Station             ,78.57972,17.43764,01/11/22,8.31
MEDCHAL,Medipally,Chengicharla Sub Station,78.61194,17.43577,01/11/22,10.23
MEDCHAL,Medipally,Medipally ZPHS,78.6019,17.405711,01/11/22,8.97
MEDCHAL,Muduchinthalapally,Laxmapur Sub Station,78.69445,17.65836,01/11/22,4.12
MULUGU,Eturunagaram,Eturu Nagaram (D),80.440017,18.359652,01/11/22,9.85
MULUGU,Eturunagaram,Eturu Nagaram (S),80.4232,18.3374,01/11/22,10.35
MULUGU,Govindaraopet,Pasra,80.171524,18.207438,01/11/22,2.26
MULUGU,Govindaraopet,Project Nagar,80.1944,18.2616,01/11/22,2.65
MULUGU,Kannaigudem,Kannaigudem,80.3454,18.5263,01/11/22,8.1
MULUGU,Mangapet,Kamalapuram,80.4747,18.2659,01/11/22,8.01
MULUGU,Mangapet,Mallur,80.562,18.2188,01/11/22,5.32
MULUGU,Mangapet,Rajupet,80.6256,18.1539,01/11/22,2.91
MULUGU,Mulug,Jakkaram(D),79.9083,18.183211,01/11/22,7.21
MULUGU,Mulug,Jakkaram(S),79.887863,18.166873,01/11/22,
MULUGU,Mulug,Kasimdevpet,79.9977,18.1661,01/11/22,2.12
MULUGU,Mulug,Mulugu,79.9425,18.1922,01/11/22,2.04
MULUGU,Tadvai,Beerelli,80.34583,18.030591,01/11/22,9.25
MULUGU,Tadvai,Gangaram,80.3708,18.1755,01/11/22,3.81
MULUGU,Tadvai,Lavvala,80.2632,18.1707,01/11/22,7.56
MULUGU,Tadvai,Medaram,80.2458,18.3138,01/11/22,4.1
MULUGU,Tadvai,Tadvai,80.3146,18.2365,01/11/22,4.42
MULUGU,Venkatapur,Laxmidevipet,79.9559,18.2936,01/11/22,1.6
MULUGU,Venkatapur,Alubaka ***,80.67,18.21,01/11/22,4.3
MULUGU,Venkatapur,Edira ***,80.73,18.14,01/11/22,3.25
MULUGU,Venkatapur,Marikal,80.496,18.323,01/11/22,2.54
MULUGU,Venkatapur,Nuguru ***,80.55,18.34,01/11/22,4.02
MULUGU,Wazeed,Jagannadhapuram ***,80.51,18.43,01/11/22,8.25
MULUGU,Wazeed,Peddagollagudem ***,80.46548,18.472823,01/11/22,7.8
MULUGU,Wazeed,Perur ***,80.39,18.53,01/11/22,8
MULUGU,Wazeed,Tekulagudem ***,80.407794,18.568202,01/11/22,9.3
NAGARKURNOOL,Achampet,Achampet,78.651523,16.398306,01/11/22,5.35
NAGARKURNOOL,Amrabad,Domalapenta,78.87839,16.211577,01/11/22,1.51
NAGARKURNOOL,Amrabad,Madhavanipally,78.861953,16.408437,01/11/22,1.88
NAGARKURNOOL,Amrabad,Mannanoor,78.76,16.371,01/11/22,8.38
NAGARKURNOOL,Amrabad,Vatverlapallly,78.77527,16.233981,01/11/22,
NAGARKURNOOL,Balmoor,Balmur,78.566382,16.331127,01/11/22,9.1
NAGARKURNOOL,Balmoor,Banala,78.6417,16.3194,01/11/22,6.96
NAGARKURNOOL,Balmoor,Gattuthummena  ,78.552,16.402,01/11/22,2.78
NAGARKURNOOL,Bijinapalle,Bijinepalli,78.196422,16.535278,01/11/22,7.59
NAGARKURNOOL,Charakonda,Charakonda,78.71,16.7,01/11/22,2.89
NAGARKURNOOL,Kalwakurthy,GUNDUR,78.463683,16.580788,01/11/22,1.46
NAGARKURNOOL,Kalwakurthy,Kalwakuthy,78.488,16.667,01/11/22,3.95
NAGARKURNOOL,Kalwakurthy,Lingasanipally,78.4694,16.5528,01/11/22,
NAGARKURNOOL,Kalwakurthy,Marchala,78.4542,16.6917,01/11/22,12.35
NAGARKURNOOL,Kodair,Kodair,78.274343,16.269624,01/11/22,0.9
NAGARKURNOOL,Kodair,Thurkadinne,78.222435,16.287915,01/11/22,0.15
NAGARKURNOOL,Kollapur,Kollapur,78.306,16.107,01/11/22,1.86
NAGARKURNOOL,Kollapur,Molachintalapally,78.4181,16.1389,01/11/22,1.82
NAGARKURNOOL,Lingal,Ambatipally,78.446,16.277,01/11/22,1.26
NAGARKURNOOL,Lingal,Lingal,78.5208,16.2681,01/11/22,2.14
NAGARKURNOOL,Nagar_Kurnool,Manthati,78.351615,16.440149,01/11/22,4.2
NAGARKURNOOL,Nagar_Kurnool,Nagarkurnool,78.302619,16.491743,01/11/22,13.72
NAGARKURNOOL,Padra,Padra,78.88,16.43,01/11/22,2.01
NAGARKURNOOL,Peddakothapalle,Maredumandinne,78.41,16.22,01/11/22,3.78
NAGARKURNOOL,Pentlavelli,Pentlavelle,78.26,16.08,01/11/22,2.26
NAGARKURNOOL,Tadoor,Tadoor,78.357684,16.510124,01/11/22,
NAGARKURNOOL,Tadoor,Vengampally,78.398824,16.544155,01/11/22,1.09
NAGARKURNOOL,Telkapalle,Karvanga,78.41424,16.480357,01/11/22,1.68
NAGARKURNOOL,Telkapalle,Telkapally,78.440307,16.435091,01/11/22,1.28
NAGARKURNOOL,Thimmajipeta,Gummakonda,78.19,16.6224,01/11/22,1.92
NAGARKURNOOL,Uppunuthala,Laxmapur,78.527908,16.47819,01/11/22,2.27
NAGARKURNOOL,Uppunuthala,Uppununthala,78.591328,16.450018,01/11/22,2.83
NAGARKURNOOL,Urkonda,Urkonda,78.41,16.73,01/11/22,9.06
NAGARKURNOOL,Vangoor,Vangoor,78.6225,16.6128,01/11/22,1.15
NAGARKURNOOL,Veldanda,Veldanda,78.5211,16.73106,01/11/22,6.78
NALGONDA,Adavi devula palli,Ulsaipalem,79.499703,16.706822,01/11/22,0.34
NALGONDA,Adavi devula palli,Anumula,79.289548,16.798786,01/11/22,5.3
NALGONDA,Adavi devula palli,Chintagudem,79.292086,16.833094,01/11/22,1.95
NALGONDA,Adavi devula palli,Pulimamidi,79.267224,16.884037,01/11/22,4.48
NALGONDA,Adavi devula palli,Rajavaram,79.407512,16.68016,01/11/22,7.63
NALGONDA,Adavi devula palli,Sreerampur,79.304637,16.729108,01/11/22,4.61
NALGONDA,Madugulapally,Bommakal,,,01/11/22,
NALGONDA,Chandampet,Buddoni thanda,78.962028,16.553849,01/11/22,12.15
NALGONDA,Chandampet,Chandampet,78.888363,16.578477,01/11/22,4.95
NALGONDA,Chandampet,Kambalapally,79.114232,16.450582,01/11/22,3.59
NALGONDA,Chandampet,Thelidevarapally,78.969167,16.505545,01/11/22,11.44
NALGONDA,Chandampet,Yelmalmanda,79.084123,16.442094,01/11/22,
NALGONDA,Chandur,Angadipet,79.018416,16.984083,01/11/22,3.67
NALGONDA,Chandur,Bangarigadda,79.011361,16.984666,01/11/22,3.65
NALGONDA,Chandur,Chandur,79.0601,16.9681,01/11/22,7.05
NALGONDA,Chandur,Chandur,79.068733,16.987147,01/11/22,2.3
NALGONDA,Chandur,Donipamula,78.977726,16.988276,01/11/22,
NALGONDA,Gattuppal,Ghattuppal,78.915649,17.057975,01/11/22,0.68
NALGONDA,Chandur,Nermata,78.984777,17.001027,01/11/22,4.93
NALGONDA,Chandur,Pullemla,,,01/11/22,1.82
NALGONDA,Chandur,Sirdepally,79.063083,17.014888,01/11/22,5.85
NALGONDA,Chinthapalle,Kurmed Gate,78.755194,16.892055,01/11/22,4.45
NALGONDA,Chinthapalle,Teeded,78.909846,16.792111,01/11/22,
NALGONDA,Chityala,Urumadla,79.090249,17.182742,01/11/22,3.8
NALGONDA,Chityala,Veliminedu,79.020166,17.228916,01/11/22,6.4
NALGONDA,Devarakonda,Kamalapur,78.85918,16.726355,01/11/22,2.81
NALGONDA,Devarakonda,Konda Bheemanapally,,,01/11/22,3.34
NALGONDA,Devarakonda,Padamtipally,78.797379,16.67664,01/11/22,2.3
NALGONDA,Devarakonda,Tatikole,78.856645,16.625235,01/11/22,7.86
NALGONDA,Gundlapalle,Dhindi,78.6925,16.552222,01/11/22,2.14
NALGONDA,Gundlapalle,Vavikole,78.76505,16.675791,01/11/22,
NALGONDA,Gurrampode,Gurrampode,79.091378,16.851709,01/11/22,2.68
NALGONDA,Gurrampode,Koppole,79.146882,16.914619,01/11/22,1.81
NALGONDA,Gurrampode,Palvai,79.024457,16.75244,01/11/22,2.5
NALGONDA,Kondamallapally,K.Mallepally,78.981033,16.729392,01/11/22,2.92
NALGONDA,Kangal,kanagala,79.198425,16.937341,01/11/22,2.9
NALGONDA,Kattangoor,Cheruvu Annaram,79.354249,17.198652,01/11/22,9.01
NALGONDA,Kattangoor,Kattangur,79.320303,17.161891,01/11/22,3.16
NALGONDA,Kattangoor,Pamangundla,79.267943,17.180769,01/11/22,3.13
NALGONDA,Kethepalle,Kethepally,79.511941,17.147211,01/11/22,1.81
NALGONDA,Munugode,Kompalli,79.359228,16.671448,01/11/22,
NALGONDA,Chinthapalle,Kurmed Gate,,,01/11/22,
NALGONDA,Madugulapally,Kannekal,79.371114,16.923295,01/11/22,3.4
NALGONDA,Gattuppal,Antampet,78.890972,17.035083,01/11/22,4.05
NALGONDA,Marriguda,Khudabhaksh pally,78.833111,17.028083,01/11/22,12.27
NALGONDA,Marriguda,Lenkala pally,78.949555,16.986166,01/11/22,2.53
NALGONDA,Marriguda,Marriguda,78.863805,16.939916,01/11/22,1.38
NALGONDA,Gattuppal,Namapur,78.928777,17.025833,01/11/22,0.24
NALGONDA,Marriguda,Sarampet,78.897333,16.991055,01/11/22,6.4
NALGONDA,Marriguda,Shivannagudam,79.018416,16.984083,01/11/22,5.8
NALGONDA,Marriguda,Shivannagudam,78.89,17,01/11/22,2.19
NALGONDA,Miryalaguda,B.Annaram,79.558144,16.778908,01/11/22,0.49
NALGONDA,Miryalaguda,Kothagudem,79.598463,16.824506,01/11/22,
NALGONDA,Munugode,Kistapur,79.017026,17.156249,01/11/22,1.57
NALGONDA,Munugode,Kompalli,78.993715,17.099308,01/11/22,4.09
NALGONDA,Munugode,Munugode,79.077438,17.065875,01/11/22,4.33
NALGONDA,Nakrekal,Arlagaddagudam,79.400636,17.139111,01/11/22,6.08
NALGONDA,Nakrekal,Nakrekal,79.420978,17.159338,01/11/22,1.76
NALGONDA,Nakrekal,Palem,79.4495,17.228738,01/11/22,2.67
NALGONDA,Nakrekal,Vallabhapur,79.479895,17.238945,01/11/22,1.6
NALGONDA,Nalgonda,Mushampally,79.32478,16.97492,01/11/22,0.6
NALGONDA,Nalgonda,Nalgonda,79.253982,17.038588,01/11/22,
NALGONDA,Nalgonda,Narsingbhatla,79.148493,17.016163,01/11/22,5.1
NALGONDA,Nalgonda,Panagal,79.311747,17.076937,01/11/22,2.21
NALGONDA,Nalgonda,S L B C G V guda,79.300907,17.060183,01/11/22,3.98
NALGONDA,Nalgonda,Seetarampuram,79.216751,17.110312,01/11/22,3.99
NALGONDA,Nalgonda,Velugupally,79.306945,16.991392,01/11/22,2.3
NALGONDA,Nakrekal,Akkenepally,79.235645,17.290078,01/11/22,2.17
NALGONDA,Nakrekal,Narketpalli,79.191305,17.20025,01/11/22,9.09
NALGONDA,Neredugommu,Kothapally,79.030266,16.56842,01/11/22,3.9
NALGONDA,Neredugommu,Neradugomma,78.972569,16.597169,01/11/22,9.28
NALGONDA,Nidamanur,Nidamanur,79.285277,16.84,01/11/22,4.95
NALGONDA,Nidamanur,Thummadam,79.42695,16.809982,01/11/22,4.54
NALGONDA,Pedda_adiserlapalle,Angadipet,79.084472,16.716555,01/11/22,2.12
NALGONDA,Pedda_adiserlapalle,Azmapur,79.0789,16.601486,01/11/22,4.67
NALGONDA,Saligouraram,P.Kondaram,79.423055,17.249444,01/11/22,
NALGONDA,Peddavura,Peddavoora,79.187767,16.74399,01/11/22,1.73
NALGONDA,Peddavura,Pulicherla,79.174829,16.655305,01/11/22,2.55
NALGONDA,Peddavura,Velmaguda,79.18302,16.77852,01/11/22,3.73
NALGONDA,Peddavura,Vijayapuri North,79.287497,16.580344,01/11/22,17.03
NALGONDA,Saligouraram,Baironibanda,79.301465,17.301938,01/11/22,4.93
NALGONDA,Saligouraram,P.Kondaram,79.423055,17.249444,01/11/22,1.92
NALGONDA,Saligouraram,Vallala,79.386319,17.236408,01/11/22,1.41
NALGONDA,Thipparthi,Pedda Suraram,79.359173,17.096359,01/11/22,4.71
NALGONDA,Thipparthi,Thipparthy,79.418305,17.01375,01/11/22,0.64
NALGONDA,Thipparthi,Mamidala,79.465001,17.065212,01/11/22,4.45
NALGONDA,Tirumalagiri_Sagar,Nellikal,79.301538,16.649373,01/11/22,7.61
NALGONDA,Vemulapalle,Bommakal,79.518081,17.026526,01/11/22,2.4
NALGONDA,Vemulapalle,Settipalem,79.554738,16.951483,01/11/22,4.12
NARAYANPET,Damaragidda,Kanukurthy,77.470614,16.889856,01/11/22,3.98
NARAYANPET,Dhanwada,DHANWADA ,77.66,16.64,01/11/22,3.1
NARAYANPET,Kosgi,Kosigi,77.705505,16.984631,01/11/22,3
NARAYANPET,Krishna,Chegunta,77.319826,16.470452,01/11/22,5.08
NARAYANPET,Krishna,Hindhupur,77.35,16.42,01/11/22,2.9
NARAYANPET,Maddur,Maddur,77.607,16.857,01/11/22,7.67
NARAYANPET,Maganoor,Maganur,77.430836,16.446356,01/11/22,1.85
NARAYANPET,Makthal,Makthal,77.500096,16.500518,01/11/22,0.96
NARAYANPET,Marikal,Marikal,77.698167,16.592044,01/11/22,9.57
NARAYANPET,Narayanpet,Appireddypally  ,77.565649,16.734089,01/11/22,2.4
NARAYANPET,Narayanpet,Kollampally,77.616892,16.667939,01/11/22,2.98
NARAYANPET,Narayanpet,Kotakonda,77.637795,16.754004,01/11/22,1.95
NARAYANPET,Narayanpet,Narayanapet,77.4812,16.7423,01/11/22,1.6
NARAYANPET,Narva,Narva,77.6567,16.4706,01/11/22,4.54
NARAYANPET,Utkoor,Pulimamidi,77.552,16.568,01/11/22,3.77
NARAYANPET,Utkoor,Utkoor,77.5003,16.6407,01/11/22,1.55
NARAYANPET,Utkoor,Chinnaporla,77.516956,16.581217,01/11/22,1.3
NIRMAL,Dilawarpur,Dilawarpur,78.22198,19.092306,01/11/22,3.25
NIRMAL,Kaddampeddur,Kadam,78.775944,19.096611,01/11/22,1.3
NIRMAL,Khanapur,Khanapur,78.662131,19.047089,01/11/22,4.95
NIRMAL,Kubeer,Kubeer,77.945833,19.2495,01/11/22,1.93
NIRMAL,Kuntala,Kuntala,78.1004,19.1693,01/11/22,5.2
NIRMAL,Laxmanchanda,Laxmanchanda,78.460861,19.017055,01/11/22,1.6
NIRMAL,Lokeswaram,Abdullapur,78.0378,18.9703,01/11/22,4.97
NIRMAL,Lokeswaram,Lokeswaram,78.0899,19.0245,01/11/22,3.56
NIRMAL,Lokeswaram,Manmad,78.1124,19.0579,01/11/22,8.16
NIRMAL,Mamda,Mamada,78.522916,19.077972,01/11/22,1.55
NIRMAL,Mudhole,Mudhole,77.9167,18.9772,01/11/22,4.75
NIRMAL,Narsapur_G,Narsapur,78.1653,19.1098,01/11/22,1.7
NIRMAL,Nirmal (U),Nirmal,78.343527,19.092416,01/11/22,1.82
NIRMAL,Pembi,Pembi,78.6374,19.1885,01/11/22,1.3
NIRMAL,Sarangapur,Beeravelly,78.261972,19.139638,01/11/22,5.18
NIRMAL,Sarangapur,Ponkur (Swarna),78.215138,19.246611,01/11/22,7.28
NIRMAL,Tanur,Bhosi,77.879444,19.109333,01/11/22,4.57
NIRMAL,Basar,BASAR,77.94556,18.87167,01/11/22,5.88
NIRMAL,Bhainsa,BHAINSA,77.97746,19.10369,01/11/22,4.3
NIRMAL,Bhainsa,KAMOLE,78.00297,19.05953,01/11/22,6.8
NIRMAL,Bhainsa,MATEGAON-B,78.00749,19.10412,01/11/22,4.35
NIRMAL,Dastuarabad,DASTURABAD,78.86375,19.085111,01/11/22,2.3
NIRMAL,Dastuarabad,GONDSERIALA,78.901444,19.048583,01/11/22,1.05
NIRMAL,Dilawarpur,MALLAPUR,78.271639,19.054778,01/11/22,6.15
NIRMAL,Kaddampeddur,CHINNABELLAL,78.817472,19.064028,01/11/22,11.62
NIRMAL,Kaddampeddur,LAXMIPUR,78.831972,19.131806,01/11/22,5
NIRMAL,Kaddampeddur,LINGAPUR,78.72225,19.047417,01/11/22,3.09
NIRMAL,Kaddampeddur,ALLAMPALLY,78.72491,19.26124,01/11/22,5.15
NIRMAL,Kaddampeddur,GANDIGOPALPUR,78.86126,19.23744,01/11/22,4.45
NIRMAL,Khanapur,BEERNANDI,78.711861,19.114556,01/11/22,1.03
NIRMAL,Khanapur,RAJURA,78.588833,19.150139,01/11/22,3.25
NIRMAL,Khanapur,SURJAPUR,78.635328,19.008997,01/11/22,4.05
NIRMAL,Kubeer,PANGRA,77.962522,19.177492,01/11/22,9.78
NIRMAL,Kuntala,KALLUR,78.10316,19.10344,01/11/22,8.85
NIRMAL,Lokeswaram,DHARMORA,78.075636,18.971661,01/11/22,3.85
NIRMAL,Lokeswaram,PUSPUR,78.03413,19.04156,01/11/22,1.8
NIRMAL,Mamda,PONKAL,78.54275,19.01275,01/11/22,2.7
NIRMAL,Mamda,TANDRA,78.467189,19.180161,01/11/22,9.47
NIRMAL,Mudhole,CHINCHALA,77.95457,19.01207,01/11/22,2.65
NIRMAL,Pembi,LOTHAR THANDA,78.61278,19.24728,01/11/22,4.43
NIRMAL,Soan,PAKPATLA,78.33722,18.99,01/11/22,2.1
NIRMAL,Tanur,TANUR,77.84013,18.99914,01/11/22,3.63
NIZAMABAD,Aloor,Macharla,78.192906,18.851584,01/11/22,5.01
NIZAMABAD,Armur,perkit,78.315,18.808,01/11/22,5.2
NIZAMABAD,Bheemgal,Bheemgal,78.442,18.715,01/11/22,5.07
NIZAMABAD,Bheemgal,Gongoppula,78.431716,18.641131,01/11/22,12.74
NIZAMABAD,Bheemgal,Jagiryal,78.44785,18.73652,01/11/22,5
NIZAMABAD,Bheemgal,Mendora,78.508172,18.713377,01/11/22,4.96
NIZAMABAD,Bheemgal,Thallapally,78.560717,18.656111,01/11/22,11.17
NIZAMABAD,Bodhan,Bodhan,77.8925,18.6705,01/11/22,3.14
NIZAMABAD,Bodhan,Chinnamavandi,77.877335,18.727804,01/11/22,19.48
NIZAMABAD,Saloora,Saloor,77.82052,18.681778,01/11/22,2.86
NIZAMABAD,Dharpalle,Ramadugu,78.309,18.613,01/11/22,3.04
NIZAMABAD,Dharpalle,Honnajipet,78.388401,18.53226,01/11/22,3.3
NIZAMABAD,Dichpalle,Yanampally,78.249,18.627,01/11/22,1.8
NIZAMABAD,Indalwai,Gannaram,78.234885,18.512497,01/11/22,3.45
NIZAMABAD,Jakranpalle,Jakrampally,78.2716,18.7072,01/11/22,3.19
NIZAMABAD,Kammarpalle,Choutpalli,78.5416,18.7753,01/11/22,1.68
NIZAMABAD,Kammarpalle,Inayathnagar,78.564875,18.708681,01/11/22,3.18
NIZAMABAD,Kammarpalle,Kammarpally,78.520877,18.834843,01/11/22,9.38
NIZAMABAD,Kotgiri,Kotagiri,77.8303,18.575,01/11/22,8.08
NIZAMABAD,Pothangal,Kallur,77.77381,18.515955,01/11/22,4.58
NIZAMABAD,Pothangal,Takli,77.799807,18.654581,01/11/22,7.48
NIZAMABAD,Makloor,Madanapally,78.178,18.681,01/11/22,7.84
NIZAMABAD,Makloor,Makloor,78.124,18.754,01/11/22,7.32
NIZAMABAD,Mendora,Mendora,78.401001,18.95219,01/11/22,4.58
NIZAMABAD,Mortad,Morthad,78.449,18.826,01/11/22,9.81
NIZAMABAD,Mugpal,Manchippa,78.114,18.539,01/11/22,2.77
NIZAMABAD,Mupkal,Mupkal,78.361616,18.912998,01/11/22,8.86
NIZAMABAD,Mupkal,Renjarla,78.414489,18.892368,01/11/22,4.9
NIZAMABAD,Nandipet,Ailapoor,78.114,18.853,01/11/22,5.33
NIZAMABAD,Nandipet,Badguni,78.136696,18.929,01/11/22,4.53
NIZAMABAD,Donkeshwar,Nutpally,78.2182,18.9365,01/11/22,3.2
NIZAMABAD,Nandipet,Velmal,78.143,18.831,01/11/22,6.97
NIZAMABAD,Navipet,Fakeerabad,77.839,18.541,01/11/22,
NIZAMABAD,Navipet,Nizampur,78.060464,18.865319,01/11/22,2.17
NIZAMABAD,Navipet,Yemcha,77.974837,18.852418,01/11/22,2.86
NIZAMABAD,Nizamabad_North,Arsapally,78.06863,18.685342,01/11/22,2.53
NIZAMABAD,Nizamabad_Rural,Malkapur,78.011313,18.594976,01/11/22,8.62
NIZAMABAD,Ranjal,Dupally,77.991,18.733,01/11/22,10.89
NIZAMABAD,Ranjal,Satapoor,77.929,18.75,01/11/22,6.73
NIZAMABAD,Rudrur,Rayakur,77.8575,18.6102,01/11/22,4.58
NIZAMABAD,Sirkonda,Cheemanpally,78.561976,18.569069,01/11/22,8.63
NIZAMABAD,Sirkonda,Gadkole,78.42598,18.53067,01/11/22,8.64
NIZAMABAD,Sirkonda,Pakala,78.503314,18.529155,01/11/22,6.47
NIZAMABAD,Sirkonda,Peddavolgote,78.426,18.604,01/11/22,2.98
NIZAMABAD,Sirkonda,Sirikonda,78.482716,18.54317,01/11/22,7.83
NIZAMABAD,Sirkonda,Thumpally,78.48056,18.488703,01/11/22,4.64
NIZAMABAD,Tadwai,Aragonda,78.272,18.234,01/11/22,
NIZAMABAD,Vailpur,Ankushpur,78.396,18.811,01/11/22,2.81
NIZAMABAD,Vailpur,Vailpoor,78.386,18.773,01/11/22,6.36
NIZAMABAD,Varni,Rudrur,77.89,18.588,01/11/22,2.87
NIZAMABAD,Varni,Jalalpur,77.980796,18.488287,01/11/22,6.5
NIZAMABAD,Varni,Varni,77.903,18.543,01/11/22,3.85
NIZAMABAD,Yeda_Palle,Yedapalli,77.954,18.678,01/11/22,7.02
NIZAMABAD,Yergatla,Yergatla,78.492616,18.899428,01/11/22,4.75
NIZAMABAD,Armur,Ankapur,78.242,18.7689,01/11/22,6.69
NIZAMABAD,Armur,Manthini,78.254,18.8497,01/11/22,5.8
NIZAMABAD,Balkonda,Balkonda,78.3485,18.8734,01/11/22,3.81
NIZAMABAD,Balkonda,Vannel (B),78.3782,18.8601,01/11/22,6.69
NIZAMABAD,Bheemgal,Bada Bheemgal,78.4026,18.6954,01/11/22,10.76
NIZAMABAD,Bheemgal,Kupkal,78.5061,18.7211,01/11/22,3.52
NIZAMABAD,Bheemgal,Pallykonda,78.4794,18.6703,01/11/22,5.67
NIZAMABAD,Bodhan,Sangam,77.9114,18.6047,01/11/22,5.46
NIZAMABAD,Dharpalle,Kotalpally,78.3599,18.4665,01/11/22,3.84
NIZAMABAD,Dichpalle,Dichpally,78.1937,18.625,01/11/22,7.33
NIZAMABAD,Indalwai,Indalwai,78.2493,18.552,01/11/22,1.62
NIZAMABAD,Jakranpalle,Thorikonda,78.3107,18.7482,01/11/22,4.94
NIZAMABAD,Mendora,Doodgaon,78.3739,18.963,01/11/22,3.16
NIZAMABAD,Mortad,Palem,78.4401,18.8568,01/11/22,5.53
NIZAMABAD,Mosra,Mosra,77.9776,18.614,01/11/22,6.82
NIZAMABAD,Mugpal,Mugpal,78.1218,18.6159,01/11/22,11.53
NIZAMABAD,Donkeshwar,Donkeswar,78.1855,18.9338,01/11/22,3.06
NIZAMABAD,Nandipet,Talweda,78.094,18.8831,01/11/22,5.91
NIZAMABAD,Nizamabad_North,Dubba,78.1039,18.6973,01/11/22,10.29
NIZAMABAD,Nizamabad_North,Kanteswar,78.1105,18.6851,01/11/22,18.15
NIZAMABAD,Nizamabad_Rural,Gupanpally,78.1346,18.685,01/11/22,14.86
NIZAMABAD,Nizamabad_Rural,Palda,78.0822,18.763,01/11/22,6.69
NIZAMABAD,Nizamabad_South,Shivajinagar,78.0898,18.6835,01/11/22,8.27
NIZAMABAD,Ranjal,Dandigutta,77.9766,18.7466,01/11/22,6.71
NIZAMABAD,Sirkonda,Chinna Volgate,78.4451,18.6056,01/11/22,12.47
NIZAMABAD,Sirkonda,Musheernagar,78.4144,18.5138,01/11/22,7.99
NIZAMABAD,Vailpur,Pachal Narkuda,78.3718,18.729,01/11/22,9.9
NIZAMABAD,Vailpur,Ramannapet,78.4382,18.7619,01/11/22,2.29
NIZAMABAD,Yeda_Palle,Thanakalan,78.007,18.6698,01/11/22,1.01
NIZAMABAD,Yergatla,Gumriyal,78.5152,18.9491,01/11/22,2.04
PEDDAPALLY,Antargoan,Goliwada,79.4167,18.8361,01/11/22,2.4
PEDDAPALLY,Dharmaram,Dharmaram,79.1872,18.7453,01/11/22,3.21
PEDDAPALLY,Dharmaram,Khilavanparthy,79.27625,18.703666,01/11/22,2.36
PEDDAPALLY,Elgaid,Eligedu,79.260942,18.552157,01/11/22,4.25
PEDDAPALLY,Julapalle,Julapalli,79.2492,18.6205,01/11/22,3.84
PEDDAPALLY,Kamanpur,Rompikunta,79.480861,18.669583,01/11/22,2.9
PEDDAPALLY,Manthani,Eglaspur,79.690944,18.646138,01/11/22,19.1
PEDDAPALLY,Manthani,Gunjapadugu,79.604833,18.686694,01/11/22,16.52
PEDDAPALLY,Manthani,Khansaipet,79.731276,18.665719,01/11/22,5.67
PEDDAPALLY,Manthani,Manthani ,79.6662,18.6433,01/11/22,15.23
PEDDAPALLY,Manthani,Venkatapur,79.801555,18.654638,01/11/22,6.95
PEDDAPALLY,Mutharam_Manthani,Khammampally,79.699611,18.557083,01/11/22,5.52
PEDDAPALLY,Odela,Odella,79.46,18.4528,01/11/22,2.35
PEDDAPALLY,Peddapalle,Peddapalli,79.39,18.6017,01/11/22,3.22
PEDDAPALLY,Ramagundam,Palakurthy,79.384,18.716416,01/11/22,4.1
PEDDAPALLY,Ramagundam,Ramagundam,79.506611,18.759388,01/11/22,0.68
PEDDAPALLY,Srirampur,Srirampuram,79.526019,18.484581,01/11/22,4.95
RANGAREDDY,Chevella,Alur,78.064,17.324,01/11/22,4.84
RANGAREDDY,Amangal,Amangal,78.5425,16.8442,01/11/22,2.9
RANGAREDDY,Shabad,Antharam,78.777,17.05,01/11/22,2.98
RANGAREDDY,Balapur,Balapur (Leninnagar),78.452,17.248,01/11/22,5.42
RANGAREDDY,Abdullapurmet,Batasingaram,78.736,17.297,01/11/22,2.01
RANGAREDDY,Kondurg,Bhairampally,78.075,17.1194,01/11/22,2.5
RANGAREDDY,Manchal,Bodakonda,78.769,17.062,01/11/22,5.43
RANGAREDDY,Chevella,Dharmasagar,78.154,17.336,01/11/22,8.65
RANGAREDDY,Ibrahimpatnam,Elimenadu,78.599,17.149,01/11/22,7.73
RANGAREDDY,Serilingampally,Gachibowli,78.368,17.43,01/11/22,
RANGAREDDY,Madgul,Irvin,78.715601,16.779781,01/11/22,2.5
RANGAREDDY,Kadthal,Kadthal,78.518994,16.977381,01/11/22,6.33
RANGAREDDY,Kandukur,Kandukur,78.48,17.08,01/11/22,2.05
RANGAREDDY,Kadthal,Karkalpad,78.5289,16.9281,01/11/22,2.83
RANGAREDDY,Keshampeta,Keshampet,78.329383,16.943945,01/11/22,5.28
RANGAREDDY,Moinabad,Kethereddipally,78.223,17.276,01/11/22,8.41
RANGAREDDY,Ibrahimpatnam,Kongarkalan,78.545,17.204,01/11/22,3.15
RANGAREDDY,Kothur,Kothur,78.2879,17.1587,01/11/22,3.35
RANGAREDDY,Madgul,Kulkulpally,78.725869,16.906166,01/11/22,8.87
RANGAREDDY,Abdullapurmet,Kuntloor,78.628,17.339,01/11/22,3.76
RANGAREDDY,Madgul,Madgula,78.687875,16.843335,01/11/22,4
RANGAREDDY,Maheshwaram,Maheswaram,78.439,17.135,01/11/22,9.21
RANGAREDDY,Shamshabad,Malkaram,78.282,17.256,01/11/22,9.79
RANGAREDDY,Manchal,Manchal,78.739,17.16,01/11/22,1.66
RANGAREDDY,Ibrahimpatnam,Mangalpally,78.598,17.22,01/11/22,3.88
RANGAREDDY,Moinabad,Moinabad,78.29,17.33,01/11/22,2.81
RANGAREDDY,Balapur,Nadhargull,78.541,17.272,01/11/22,2.17
RANGAREDDY,Shamshabad,Ootlapally,78.368,17.25,01/11/22,5.46
RANGAREDDY,Shamshabad,Palmokole,78.301,17.204,01/11/22,3.26
RANGAREDDY,Maheshwaram,Pondiyala,78.379,17.117,01/11/22,1.05
RANGAREDDY,Rajendranagar,Rajender Nagar,78.405,17.316,01/11/22,7.85
RANGAREDDY,Farooqnagar,Shadnagar,78.184623,17.063191,01/11/22,12.29
RANGAREDDY,Shabad,Shahbad,78.104,17.202,01/11/22,4.79
RANGAREDDY,Shankarpalle,Shankarpalli,78.131,17.453,01/11/22,9.44
RANGAREDDY,Kothur,Siddapur,78.3514,17.0514,01/11/22,3.98
RANGAREDDY,Talakondapalle,Talakondapalli,78.413,16.89,01/11/22,7.18
RANGAREDDY,Kothur,Teegapur,78.2722,17.1639,01/11/22,9.83
RANGAREDDY,Yacharam,Tumotoniguda (Mall),78.701,16.992,01/11/22,3.38
RANGAREDDY,Jilled Chowdergudem,Vanampalli,77.9979,17.1114,01/11/22,3.73
RANGAREDDY,Yacharam,Yacharam,78.67,17.05,01/11/22,5.26
RANGAREDDY,Shankarpalle,Yeravaguda,78.127,17.409,01/11/22,1.08
RANGAREDDY,Abdullapurmet,ABDULLAPURMET,78.68788,17.307457,01/11/22,2.54
RANGAREDDY,Abdullapurmet,TURKAYAMJAL,78.584948,17.258751,01/11/22,4.75
RANGAREDDY,Chevella,KANDAWADA,78.68788,17.307457,01/11/22,6.14
RANGAREDDY,Jilled Chowdergudem,THUMMALAPALLY,78.584948,17.258751,01/11/22,7.17
RANGAREDDY,Jilled Chowdergudem,VEERANNAPET,78.530773,16.855413,01/11/22,2.25
RANGAREDDY,Farooqnagar,BURGULA,78.173298,17.279349,01/11/22,2.2
RANGAREDDY,Farooqnagar,CHINCHODE,78.01132,17.127717,01/11/22,1.74
RANGAREDDY,Gandipet,NARSINGI,77.974838,17.059475,01/11/22,9.68
RANGAREDDY,Ibrahimpatnam,DANDU MAILARAM,78.216798,16.974228,01/11/22,6.47
RANGAREDDY,Ibrahimpatnam,IBRAHIMPATNAM,78.106571,17.030626,01/11/22,11.95
RANGAREDDY,Kadthal,MUDVIN,78.354751,17.387133,01/11/22,4.31
RANGAREDDY,Kandukur,MEERKHANPET,78.758528,17.221731,01/11/22,1.93
RANGAREDDY,Kandukur,RACHALUR,78.647982,17.188798,01/11/22,1.65
RANGAREDDY,Keshampeta,IPPALAPALLY,78.604078,16.911498,01/11/22,1.19
RANGAREDDY,Kondurg,KONDURGU,78.578904,17.048174,01/11/22,4.99
RANGAREDDY,Kothur,INMULNARVA,78.533872,17.116433,01/11/22,1.2
RANGAREDDY,Kothur,KOTHUR,78.287082,16.983094,01/11/22,2.6
RANGAREDDY,Kothur,PENJERLA,78.03826,17.090747,01/11/22,7.93
RANGAREDDY,Maheshwaram,AMEERPET,78.296296,17.089928,01/11/22,7.57
RANGAREDDY,Maheshwaram,MANKAL,78.275042,17.136516,01/11/22,5.45
RANGAREDDY,Moinabad,HIMAYATHSAGAR,78.321929,17.10939,01/11/22,6.07
RANGAREDDY,Serilingampally,GOPANPALLY,78.344676,17.149272,01/11/22,7.15
RANGAREDDY,Shabad,CHANDANVELLY,78.469117,17.200346,01/11/22,8.8
RANGAREDDY,Shamshabad,PEDDA SHAPOOR,78.29781,17.34382,01/11/22,4.69
RANGAREDDY,Shankarpalle,MOKILA,78.310073,17.451916,01/11/22,7.88
RANGAREDDY,Yacharam,NANDIWANAPARTHI,78.168016,17.226589,01/11/22,0.44
SANGAREDDY,Ameenapur,Kistareddypet,78.332355,17.208756,01/11/22,1.17
SANGAREDDY,Andhole,Jogipet,78.187255,17.433772,01/11/22,8.31
SANGAREDDY,Gummadidala,Annaram,78.36469,16.82727,01/11/22,13.07
SANGAREDDY,Gummadidala,Gummadiddla,78.634701,17.048834,01/11/22,7.42
SANGAREDDY,Hathanoora,Borapatla,78.1571,17.6713,01/11/22,16.23
SANGAREDDY,Hathanoora,Nasthipur,78.2185,17.7047,01/11/22,20.52
SANGAREDDY,Jharasangam,Jarasangam,77.718055,17.763888,01/11/22,3.56
SANGAREDDY,Jinnaram,Ootla,78.3194,17.6309,01/11/22,3.6
SANGAREDDY,Kalher,Bachapally,77.868,18.1386,01/11/22,6.71
SANGAREDDY,Kalher,Masanpalli,77.876111,18.1825,01/11/22,11.29
SANGAREDDY,Kalher,Meerkhanpally,77.8515,18.1237,01/11/22,10.28
SANGAREDDY,Kandi,Byathole,78.1892,17.6111,01/11/22,3.85
SANGAREDDY,Kandi,Cherlagudem,78.0891,17.514,01/11/22,8.46
SANGAREDDY,Kangti,Kangti,77.615555,18.2225,01/11/22,3
SANGAREDDY,Kohir,Kothur (D),77.7665,17.655444,01/11/22,10.53
SANGAREDDY,Kondapur,Kondapur,78.01,17.551666,01/11/22,9.1
SANGAREDDY,Manoor,Manoor,77.741,17.978,01/11/22,5.66
SANGAREDDY,Mogdampalle,Mogudampally,77.8408,17.6289,01/11/22,4.65
SANGAREDDY,Munipalli,Budera,77.8672,17.6889,01/11/22,2.16
SANGAREDDY,Nagalgidda,Pusalpad,77.687818,18.018109,01/11/22,1.69
SANGAREDDY,Narayankhed,Abbenda,77.713,18.052,01/11/22,
SANGAREDDY,Narayankhed,Narayanakhed,77.757785,18.033267,01/11/22,4.32
SANGAREDDY,Naykal,Hadnoor - s,77.6261,17.8033,01/11/22,9.7
SANGAREDDY,Patancheruvu,Isnapur,78.2006,17.5519,01/11/22,7.85
SANGAREDDY,Patancheruvu,Patancheruvu,78.270166,17.525833,01/11/22,12.75
SANGAREDDY,Pulkal,Kodur,78.0266,17.7191,01/11/22,2.69
SANGAREDDY,Pulkal,Muddaipet,77.9779,17.7456,01/11/22,3.52
SANGAREDDY,Pulkal,Pulkal,77.9953,17.7259,01/11/22,4.34
SANGAREDDY,Ramachandrapuram,R.C.Puram,78.3003,17.5091,01/11/22,10.8
SANGAREDDY,Raikode,Chimnapur,77.748666,17.834805,01/11/22,3.88
SANGAREDDY,Sadasivpet,Sadasivpet,77.955555,17.622222,01/11/22,7.36
SANGAREDDY,Sangareddy,Sangareddy,78.0782,17.5972,01/11/22,27.62
SANGAREDDY,Sirgapoor,Wasar,77.655,18.143,01/11/22,10.29
SANGAREDDY,Watpalle,Vatpally,77.867,17.908,01/11/22,2.09
SANGAREDDY,Zahirabad,Ranzole-I,77.6561,17.6756,01/11/22,11.1
SIDDIPET,Akkannapeta,Jangaon,79.195,18.085,01/11/22,4.95
SIDDIPET,Bejjanki,Dacharam,79.056861,18.251222,01/11/22,1.83
SIDDIPET,Bejjanki,Guggilla,79.060611,18.200666,01/11/22,7.25
SIDDIPET,Bejjanki,Mylaram,79.0731,18.3692,01/11/22,4.19
SIDDIPET,Bejjanki,Vodlur Begampet,79.042599,18.321326,01/11/22,2.25
SIDDIPET,Cheriyal,Cherila,78.978861,17.888279,01/11/22,1.76
SIDDIPET,Cheriyal,Gurijakunta,78.965,17.9561,01/11/22,1.5
SIDDIPET,Cheriyal,Nagapuri,78.8794,17.8633,01/11/22,5.48
SIDDIPET,Cheriyal,Veerannapet,78.9944,17.8628,01/11/22,1.23
SIDDIPET,Chinnakodur,Allipur,78.9237,18.2377,01/11/22,5.36
SIDDIPET,Chinnakodur,Ananthasagar,79.0021,18.1846,01/11/22,6.28
SIDDIPET,Chinnakodur,Machapur,78.883778,18.198821,01/11/22,
SIDDIPET,Chinnakodur,Peddakodur,78.8894,18.1488,01/11/22,5.54
SIDDIPET,Doultabad,Mubaraspur,78.602586,17.955758,01/11/22,13.23
SIDDIPET,Akbarpet-Bhoompally,Chittapur,78.6203,18.1308,01/11/22,10.93
SIDDIPET,Dubbak,Dubbak,78.665277,18.171666,01/11/22,
SIDDIPET,Dubbak,Gambeerpur,78.6081,18.2285,01/11/22,10.76
SIDDIPET,Dubbak,Peddacheekode,78.6304,18.2143,01/11/22,4.38
SIDDIPET,Akbarpet-Bhoompally,Pothireddypet,78.5734,18.1321,01/11/22,8.11
SIDDIPET,Gajwel,Gajwel,78.6847,17.8447,01/11/22,7.59
SIDDIPET,Husnabad,Husnabad,79.209919,18.144374,01/11/22,1.34
SIDDIPET,Jagadevpur,Munigadapa,78.8242,17.8133,01/11/22,2.25
SIDDIPET,Jagadevpur,Chatlapally,78.8582,17.8506,01/11/22,1.89
SIDDIPET,Jagadevpur,Dharmaram,78.8135,17.7155,01/11/22,8.23
SIDDIPET,Jagadevpur,Itkal,78.7747,17.763,01/11/22,
SIDDIPET,Jagadevpur,Kondapur,78.8491,17.7861,01/11/22,5.57
SIDDIPET,Jagadevpur,T.Narsapur,78.8632,17.8573,01/11/22,2.66
SIDDIPET,Koheda,Koheda,79.0936,18.1686,01/11/22,2.18
SIDDIPET,Koheda,Varikolu,79.109805,18.255361,01/11/22,3.2
SIDDIPET,Komaravelly,Komaravelli,78.8955,17.9277,01/11/22,4.64
SIDDIPET,Komaravelly,Ainapur,78.8903,17.8928,01/11/22,2.85
SIDDIPET,Komaravelly,Gouraipally,78.9,17.952,01/11/22,2.84
SIDDIPET,Komaravelly,Komuravelli,78.581888,18.253361,01/11/22,
SIDDIPET,Kondapak,Ankireddypally,78.927,18.0018,01/11/22,2.51
SIDDIPET,Kondapak,Sir singandla,78.8349,18.0051,01/11/22,4.12
SIDDIPET,Maddur,Bekkal,79.10353,17.988387,01/11/22,2.15
SIDDIPET,Maddur,Madoor,79.0503,17.9307,01/11/22,7.66
SIDDIPET,Maddur,Salakpur,79.025,17.8911,01/11/22,4.25
SIDDIPET,Markook,Markood,78.72,17.748,01/11/22,7.04
SIDDIPET,Akbarpet-Bhoompally,Bhoompalli,78.5972,18.1208,01/11/22,4.19
SIDDIPET,Akbarpet-Bhoompally,Jangapally,78.623401,18.054999,01/11/22,6.96
SIDDIPET,Mulug,Mulugu,78.6333,17.7214,01/11/22,32.72
SIDDIPET,Mulug,Adivimajid,78.6755,17.7059,01/11/22,13.6
SIDDIPET,Mulug,Zaptisingaipally,78.614,17.694,01/11/22,3.72
SIDDIPET,Nanganur,Katha,79.070666,18.017861,01/11/22,1.31
SIDDIPET,Nanganur,Kodarajpally,79.092646,18.03879,01/11/22,3.65
SIDDIPET,Nanganur,Rampur,78.9925,18.0888,01/11/22,4.7
SIDDIPET,Rayapole,Raipole,78.6181,17.9256,01/11/22,6.88
SIDDIPET,Siddipet_Urban,Siddipet,78.8375,18.1033,01/11/22,8.61
SIDDIPET,Siddipet_Rural,Ragavapur,78.777,18.177,01/11/22,11.21
SIDDIPET,Siddipet_Rural,Tornal,78.7513,18.1158,01/11/22,7.54
SIDDIPET,Thoguta,Kuknoorpally,78.805,17.888,01/11/22,6.55
SIDDIPET,Wargal,Majidpalli,78.5866,17.8233,01/11/22,0.13
SIRCILLA,Boinpalle,Korem,78.9146,18.5315,01/11/22,1.87
SIRCILLA,Boinpalle,Kothapet (NC),78.961,18.418,01/11/22,3.45
SIRCILLA,Chandurthi,Chandurthy,78.777805,18.572416,01/11/22,2.43
SIRCILLA,Gambhiraopeta,Gajasingaram,78.570506,18.397474,01/11/22,3.7
SIRCILLA,Gambhiraopeta,Kothapally,78.58,18.271,01/11/22,5.11
SIRCILLA,Gambhiraopeta,Narmal,78.552568,18.283725,01/11/22,4.21
SIRCILLA,Ellanthakunta,Ananthagiri,78.903132,18.267336,01/11/22,1.29
SIRCILLA,Ellanthakunta,Illanthukunta ,78.956388,18.311944,01/11/22,4.53
SIRCILLA,Ellanthakunta,Kandikatkur,78.964305,18.373722,01/11/22,1.66
SIRCILLA,Ellanthakunta,Repaka,78.976055,18.264083,01/11/22,3.06
SIRCILLA,Konaraopeta,Dharmaram,78.7404,18.4486,01/11/22,2.76
SIRCILLA,Konaraopeta,Kolanur,78.7781,18.4199,01/11/22,7.99
SIRCILLA,Konaraopeta,Kondapur,78.698962,18.512108,01/11/22,4.81
SIRCILLA,Konaraopeta,Mamidipalli,78.757555,18.499277,01/11/22,5.36
SIRCILLA,Konaraopeta,Nizamabad,78.7189,18.4703,01/11/22,3.27
SIRCILLA,Konaraopeta,Suddala,78.7928,18.4679,01/11/22,1.75
SIRCILLA,Mustabad,Avunoor,78.716996,18.350277,01/11/22,4.11
SIRCILLA,Mustabad,Kondapur,78.683888,18.342888,01/11/22,0.57
SIRCILLA,Sirsilla,Sircilla(urban),78.78308,18.35555,01/11/22,6.25
SIRCILLA,Thangallapalle,Rallapet,78.820788,18.282665,01/11/22,1.44
SIRCILLA,Thangallapalle,Ramchandrapaur,78.8267,18.4056,01/11/22,0.4
SIRCILLA,Veernapalle,Garjanapalle,78.610861,18.526722,01/11/22,4.97
SIRCILLA,Veernapalle,Veernapally,78.6115,18.4722,01/11/22,6.47
SIRCILLA,Vemulawada,Chekkapalli,78.8599,18.5331,01/11/22,2.55
SIRCILLA,Vemulawada,Vemulawada(rural),78.863888,18.486422,01/11/22,6.42
SIRCILLA,Yellareddypeta,Racherla Boppaspur,78.616814,18.377197,01/11/22,1.69
SIRCILLA,Yellareddypeta,Rajannapet,78.6425,18.4029,01/11/22,1.66
SURYAPET,Jajireddigudem,Jajireddigudem,79.49963,17.329188,01/11/22,3.17
SURYAPET,Jajireddigudem,Kodur,79.622842,17.316549,01/11/22,4.52
SURYAPET,Nagaram,Nagaram,79.496965,17.386693,01/11/22,3.02
SURYAPET,Atmakur_S,Aipur,79.727555,17.275805,01/11/22,2.06
SURYAPET,Chilkur,Bethevole,79.812029,16.968099,01/11/22,2.67
SURYAPET,Chilkur,Chilkuru,79.8861,16.952543,01/11/22,1.25
SURYAPET,Chinthala palem,Dondapadu,80.012784,16.817943,01/11/22,6.55
SURYAPET,Chinthala palem,Gudimalkapur,79.980992,16.796718,01/11/22,12.23
SURYAPET,Chinthala palem,Mallareddigudem,79.984304,16.76601,01/11/22,5.71
SURYAPET,Chivvemla,B. Chandupatla,79.718667,17.141752,01/11/22,0.62
SURYAPET,Chivvemla,Gumpula Tirumalagiri,79.722059,17.107692,01/11/22,1.32
SURYAPET,Garidepalle,Gardepalli,79.721717,16.881077,01/11/22,
SURYAPET,Kodad,Thogarrai,79.931655,16.936788,01/11/22,0.57
SURYAPET,Mattampalle,Mattampalli,79.854204,16.786858,01/11/22,2.71
SURYAPET,Mattampalle,Raghunadhapalem,79.885324,16.753544,01/11/22,5.35
SURYAPET,Mellachervu,Mellacheruvu,79.904517,16.83738,01/11/22,4.19
SURYAPET,Mothey,Kudali,79.802428,17.270143,01/11/22,
SURYAPET,Mothey,Mamillaguda,79.848406,17.18088,01/11/22,2.04
SURYAPET,Mothey,Urlaguda,79.846083,17.25145,01/11/22,0.08
SURYAPET,Munagala,Akupamula,79.873081,17.033053,01/11/22,2.25
SURYAPET,Nadigudem,Vaila Singaram,79.933253,17.080252,01/11/22,3.8
SURYAPET,Neredcherla,Dirsencherla,79.673823,16.85282,01/11/22,2.29
SURYAPET,Noothankal,Dirsenapally,79.734976,17.360234,01/11/22,2.33
SURYAPET,Noothankal,Maddirala,79.701663,17.40315,01/11/22,
SURYAPET,Noothankal,Nuthankal,79.691828,17.333829,01/11/22,1.65
SURYAPET,Palakeedu,Janpahad,79.706918,16.739271,01/11/22,6.84
SURYAPET,Palakeedu,Palakeedu,79.69542,16.804402,01/11/22,0.99
SURYAPET,Suryapet,Pillalamarry,79.575342,17.146308,01/11/22,0.82
SURYAPET,Suryapet,Yerkaram,79.575112,17.228555,01/11/22,5.84
SURYAPET,Thungathurthi,Annaram,79.609174,17.381962,01/11/22,1.79
SURYAPET,Thungathurthi,Ravulapally,79.628219,17.471323,01/11/22,2.79
SURYAPET,Thungathurthi,Thungathurthi,79.59122,17.398742,01/11/22,2.04
SURYAPET,Thungathurthi,Mamidala,79.542476,17.508166,01/11/22,1.02
SURYAPET,Ananthagiri,GONDRIYALA,80.0439,17.0036,01/11/22,2.46
SURYAPET,Atmakur_S,ATHMAKUR(S),79.7142,17.2315,01/11/22,1.62
SURYAPET,Chivvemla,VATTIKHAMMAMPAHAD,79.6909,17.1627,01/11/22,1.34
SURYAPET,Garidepalle,KALMALACHERUVU,79.7376,16.8297,01/11/22,1.36
SURYAPET,Huzur nagar,HUZURNAGAR,79.8823,16.9146,01/11/22,1.12
SURYAPET,Kodad,KAPUGAL,79.9875,16.9372,01/11/22,2.35
SURYAPET,Maddirala,MUKUNDAPURAM,79.7403,17.4038,01/11/22,0.5
SURYAPET,Munagala,MUNAGALA,79.8265,17.0582,01/11/22,1.67
SURYAPET,Maddirala,REDDYGUDEM,79.6778,17.4147,01/11/22,2.11
SURYAPET,Munagala,NELAMARRI,79.7622,17.0541,01/11/22,3.69
SURYAPET,Munagala,REPALA,79.8056,17.1069,01/11/22,2.49
SURYAPET,Nadigudem,NADIGUDEM,79.8657,17.0795,01/11/22,2.91
SURYAPET,Nagaram,ETOOR,79.4381,17.4292,01/11/22,1.38
SURYAPET,Neredcherla,PENCHIKALDINNE,79.6614,16.9219,01/11/22,2.26
SURYAPET,Palakeedu,ALONGAPURAM,79.7511,16.7717,01/11/22,0.81
SURYAPET,Penpahad,N.ANNARAM,79.6451,16.9965,01/11/22,1.9
SURYAPET,Penpahad,PENPAHAD,79.6694,17.0383,01/11/22,3.63
SURYAPET,Suryapet,BALEMLA,79.5946,17.2029,01/11/22,2.04
SURYAPET,Suryapet,SURYAPET,79.6179,17.1321,01/11/22,3.77
SURYAPET,Thirumalagiri,THATIPAMULA,79.3929,17.4771,01/11/22,6.53
VIKARABAD,Bantwaram,Bantwaram,77.696,17.445,01/11/22,4.39
VIKARABAD,Basheerabad,Basheerabad,77.444,17.211,01/11/22,7.83
VIKARABAD,Bomraspeta,Bomraspet,77.719418,17.164004,01/11/22,9.67
VIKARABAD,Bomraspeta,Madnapally,77.773446,17.219275,01/11/22,2.92
VIKARABAD,Dharur,Antharam,77.816431,17.240984,01/11/22,7.11
VIKARABAD,Dharur,Dharoor,77.774,17.303,01/11/22,8.71
VIKARABAD,Doma,Doma,77.836,17.088,01/11/22,10.56
VIKARABAD,Doulatabad,Doulathabad,77.5415,16.9983,01/11/22,3.29
VIKARABAD,Kodangal,Kodangal,77.6011,17.0992,01/11/22,5.14
VIKARABAD,Kodangal,Rudraram (D),77.511,17.133,01/11/22,11.87
VIKARABAD,Kodangal,Rudraram (S),77.511,17.133,01/11/22,11.23
VIKARABAD,Kulkacharla,Kulkacherla,77.876,17.017,01/11/22,3.9
VIKARABAD,Kulkacharla,Puttaphad ,77.857774,16.96147,01/11/22,13.22
VIKARABAD,Marpalle,Marpalli,77.771,17.529,01/11/22,12.87
VIKARABAD,Marpalle,Narsapur,77.831824,17.56662,01/11/22,19.11
VIKARABAD,Mominpet,Durgam Cheruvu,77.864951,17.452884,01/11/22,4.64
VIKARABAD,Mominpet,Mominpet,77.891,17.518,01/11/22,2.45
VIKARABAD,Nawabpet,Nawabpet,77.967,17.429,01/11/22,
VIKARABAD,Nawabpet,Vattinenipally(s),77.983,17.445,01/11/22,1.91
VIKARABAD,Pargi,Parigi,77.88,17.18,01/11/22,10.31
VIKARABAD,Peddemul,Kandanelli,77.646592,17.288245,01/11/22,2.9
VIKARABAD,Peddemul,Peddamul,77.66,17.33,01/11/22,4.1
VIKARABAD,Peddemul,Thattepalli,77.66,17.33,01/11/22,7.02
VIKARABAD,Pudur,Chengamala,78.031708,17.259572,01/11/22,5.81
VIKARABAD,Pudur,Pedda Umintyal,77.975,17.228,01/11/22,4.1
VIKARABAD,Pudur,Pudur,77.957,17.264,01/11/22,5.52
VIKARABAD,Tandur,Kota Basupally,77.5,17.33,01/11/22,3.35
VIKARABAD,Tandur,Tandur,77.591,17.251,01/11/22,2.08
VIKARABAD,Vikarabad,Maildevarpally,,,01/11/22,9.08
VIKARABAD,Vikarabad,Vikarabad(S),77.914,17.321,01/11/22,8.12
VIKARABAD,Yelal,Yalal,77.64,17.2,01/11/22,11.03
VIKARABAD,Yelal,Bagayapalli,77.688733,17.21535,01/11/22,4.81
VIKARABAD,Yelal,Yenkapally,77.544165,17.198456,01/11/22,1.38
WANAPARTHY,Amarchinta,Singampet,77.781,16.349,01/11/22,1.1
WANAPARTHY,Atmakur,Atmakuru,77.806,16.337,01/11/22,5.4
WANAPARTHY,Ghanpur,Ghanapur,78.046454,16.56306,01/11/22,1.9
WANAPARTHY,Ghanpur,Kamaluddinpur,78.0218,16.6063,01/11/22,1.65
WANAPARTHY,Gopalpeta,Gopalpet,78.1348,16.3786,01/11/22,1.7
WANAPARTHY,Gopalpeta,Yedutla,78.176,16.357,01/11/22,3
WANAPARTHY,Kothakota,Kanaipally,77.960249,16.388259,01/11/22,8.9
WANAPARTHY,Kothakota,Madnapur,77.8729,16.3776,01/11/22,2.6
WANAPARTHY,Pangal,Pangal,78.104481,16.24721,01/11/22,3
WANAPARTHY,Pebbair,Ayyavaripalli,78.0236,16.1156,01/11/22,1.5
WANAPARTHY,Wanaparthy,Peddagudem,77.998273,16.310204,01/11/22,2
WANAPARTHY,Peddamandadi,Peddamandadi,78.0251,16.4306,01/11/22,1.5
WANAPARTHY,Veepangandla,Sanginonipally,78.157512,16.139975,01/11/22,2.6
WARANGAL,Chennaraopeta,Chennaraopet,79.8722,17.883,01/11/22,0.7
WARANGAL,Duggondi,Duggondi,79.8077,18.0194,01/11/22,1.27
WARANGAL,Geesugonda,Geesgonda,79.6991,17.963,01/11/22,1.73
WARANGAL,Geesugonda,Vanchanagiri,79.6897,17.9475,01/11/22,2.2
WARANGAL,Khanapur,Khanapur,79.93,17.8988,01/11/22,2.03
WARANGAL,Nallabelly,Narakkapet,79.8875,18.008,01/11/22,2
WARANGAL,Narsampet,Narasampet,79.8875,17.9227,01/11/22,2.37
WARANGAL,Nekkonda,Ameenpet,79.8003,17.8081,01/11/22,0.5
WARANGAL,Nekkonda,Nagaram,79.8861,17.7591,01/11/22,3.15
WARANGAL,Parvathagiri,Parvathagiri,79.723991,17.744466,01/11/22,5.39
WARANGAL,Raiparthy,Kondur,79.6077,17.7072,01/11/22,2.48
WARANGAL,Raiparthy,Rayaparthy,79.5473,17.6942,01/11/22,1.72
WARANGAL,Sangem,Sangem,79.7113,17.8844,01/11/22,2.7
WARANGAL,Sangem,Theegarajupally,79.7061,17.8347,01/11/22,4.95
WARANGAL,Wardhannapet,Wardhannapet,79.5794,17.773,01/11/22,5.44
WARANGAL,Khilla_Warangal,Mamnoor,79.5969,17.9069,01/11/22,1.27
WARANGAL,Warangal,Charbowli,79.607,17.9819,01/11/22,1.91
HANUMAKONDA,Bheemadevarapalle,Gatla Narsingapur,79.3274,18.0881,01/11/22,2.56
HANUMAKONDA,Bheemadevarapalle,Kothapally,79.3883,18.0823,01/11/22,4.1
HANUMAKONDA,Bheemadevarapalle,Vangara,79.345,18.133888,01/11/22,3.75
HANUMAKONDA,Dharmasagar,Dharmapuri,79.456,17.8934,01/11/22,1.78
HANUMAKONDA,Dharmasagar,Narayanagiri,79.3769,17.9905,01/11/22,2
HANUMAKONDA,Velair,Velair,79.3383,18.0144,01/11/22,0.74
HANUMAKONDA,Elkathurthi,Elkathurthy,79.441014,18.093709,01/11/22,7.2
HANUMAKONDA,Hanumakonda,Hanumkonda,79.5577,18.0008,01/11/22,4.69
HANUMAKONDA,Hasanparthy,Seethampet,79.5153,18.0776,01/11/22,2.61
HANUMAKONDA,Inavole,Panthini,79.6147,17.8478,01/11/22,0.68
HANUMAKONDA,Inavole,Punnelu,79.5858,17.8683,01/11/22,1.87
HANUMAKONDA,Kamalapur,Kamalapur,79.5242,18.1794,01/11/22,0.63
HANUMAKONDA,Kamalapur,Shanigaram,79.597194,18.184083,01/11/22,0.75
HANUMAKONDA,Atmakur,Atmakur,79.738,18.0686,01/11/22,1.47
HANUMAKONDA,Damera,Damera,79.6414,18.0553,01/11/22,1
HANUMAKONDA,Nadikuda,Cherlapally,79.608064,18.233188,01/11/22,3.9
HANUMAKONDA,Nadikuda,Nadikuda,79.6416,18.193,01/11/22,1.7
HANUMAKONDA,Nadikuda,Parkal,79.6374,18.2016,01/11/22,1.66
WARANGAL,Parvathagiri,Annaram shariff,79.7157,17.6822,01/11/22,1.94
HANUMAKONDA,Shayampet,Pathipaka(Abendent),79.7555,18.1194,01/11/22,
YADADRI,Gundala,Ambala,79.253042,17.494643,01/11/22,2.05
YADADRI,Gundala,Peddapadishala,79.341111,17.466944,01/11/22,0.81
YADADRI,Gundala,Velmajala,79.213269,17.566419,01/11/22,0.68
YADADRI,Alair,Kolanpaka,79.019595,17.69706,01/11/22,1.12
YADADRI,Alair,Sarajipet,79.118658,17.617622,01/11/22,6.02
YADADRI,Mootakondur,Chada,79.074937,17.476553,01/11/22,4.1
YADADRI,Atmakur_M,Atmakur,79.14,17.47,01/11/22,6.23
YADADRI,Pochampalle,B.Pochampalli,78.810768,17.336196,01/11/22,3.4
YADADRI,Bhongiri,Bhongiri,78.907077,17.484698,01/11/22,2.11
YADADRI,Bhongiri,Chandupatla,78.97936,17.499212,01/11/22,6.29
YADADRI,Bhongiri,Nandanam,78.927323,17.436592,01/11/22,0.58
YADADRI,Bibinagar,Bibinagar,78.801601,17.460344,01/11/22,5.38
YADADRI,Bibinagar,Yenkiryal,78.767944,17.401953,01/11/22,4.45
YADADRI,Choutuppal,D.Malkapur,78.803218,17.258259,01/11/22,1.36
YADADRI,Turkapalle_M,Ch.Laxmapur,78.754263,17.651268,01/11/22,0.65
YADADRI,Addagudur,Kanchanapalli,79.339638,17.40375,01/11/22,1.09
YADADRI,Mothkur,Mothukur,79.262826,17.447357,01/11/22,1.63
YADADRI,Mothkur,Paladugu,79.192816,17.394263,01/11/22,0.87
YADADRI,Mothkur,Podichedu,79.280102,17.378081,01/11/22,5.09
YADADRI,Rajapet,Bondugala,78.9665,17.768305,01/11/22,2.16
YADADRI,Rajapet,Kurraram,78.929866,17.77549,01/11/22,3.31
YADADRI,Rajapet,Raghunadapuram,78.94736,17.679134,01/11/22,2.08
YADADRI,Rajapet,Rajapet,78.932968,17.729431,01/11/22,1.25
YADADRI,Rajapet,Somaram,78.991785,17.725671,01/11/22,5.23
YADADRI,Ramannapeta,Ramanapet,79.095091,17.283121,01/11/22,3.24
YADADRI,Ramannapeta,Yellanki,79.030897,17.293818,01/11/22,8.95
YADADRI,Ramannapeta,Yennaram,79.20265,17.318131,01/11/22,2.01
YADADRI,Narayanapur,S.Narayanpur,78.86001,17.144719,01/11/22,7.2
YADADRI,Turkapalle_M,Gandamalla,78.853831,17.733101,01/11/22,5.19
YADADRI,Valigonda,Arror,79.10801,17.386758,01/11/22,0.75
YADADRI,Valigonda,T. somaram,78.95229,17.399953,01/11/22,1.68
YADADRI,Valigonda,Varkatpally,78.932216,17.338506,01/11/22,3.23
YADADRI,Valigonda,Vemulakonda,79.143433,17.347782,01/11/22,1.08
YADADRI,Yadagirigutta,Mallapuram,78.911638,17.633555,01/11/22,4.06
YADADRI,Mootakondur,Motakondur,79.028519,17.552951,01/11/22,4.08
Hanumakonda,Shayampet,Pathhipaka,79.7476,18.1211,01/11/22,2
Hanumakonda,Hasanparthy,Yellapur,79.5011,18.0846,01/11/22,2.7
Hanumakonda,Bheemadevarapalle,Jaganadhapur,79.3938,18.1253,01/11/22,4.2
Hanumakonda,Velair,Peechara,79.2935,17.9656,01/11/22,3.7
Hanumakonda,Dharmasagar,Dharmsagar,79.4365,18.0073,01/11/22,1.2
Hanumakonda,Dharmasagar,Peddapendyal,79.4242,17.9186,01/11/22,3.2
Hanumakonda,Inavole,Inavolu,79.548,17.8706,01/11/22,7.9
Hanumakonda,Hasanparthy,Nagaram,79.5591,18.0989,01/11/22,3.7
WARANGAL,Sangem,Lohitha,79.646362,17.842334,01/11/22,2.6
WARANGAL,Wardhannapet,Yellanda,79.60446,17.78888,01/11/22,4.78
WARANGAL,Nekkonda,Redlawada,79.774276,17.74187,01/11/22,0.94
WARANGAL,Chennaraopeta,Upparapalli,79.808853,17.881174,01/11/22,1.04
WARANGAL,Khanapur,Mangalavaripet,79.97545,17.87998,01/11/22,1.55
WARANGAL,Nallabelly,Medapalli,79.922009,18.017183,01/11/22,1.6
WARANGAL,Narsampet,Naguralapally,79.883274,17.962197,01/11/22,1.98
WARANGAL,Duggondi,Rekkampally,79.799166,17.958333,01/11/22,2.48
MAHABUBABAD,Dornakal,DORNAKAL,80.158944,17.44445,01/11/22,0.85
MAHABUBABAD,Gudur,BHUPATHIPETA,79.988278,17.85425,01/11/22,1.65
MAHABUBABAD,Gudur,BODDIKONDA,80.024917,17.703556,01/11/22,0.97
MAHABUBABAD,Kesamudram,INTIKANNE,79.872,17.721,01/11/22,1.31
MAHABUBABAD,Kesamudram,ARPANAPALLY,79.935667,17.718083,01/11/22,1.19
MAHABUBABAD,Kuravi,BALPALA,80.072861,17.478917,01/11/22,2.56
MAHABUBABAD,Seerole,SEEROLU,80.000944,17.4125,01/11/22,0.95
MAHABUBABAD,Kuravi,KORIVI,79.997861,17.527111,01/11/22,0.6
MAHABUBABAD,Kuravi,GUNDRATHIMADUGU,80.061944,17.557778,01/11/22,1.96
MAHABUBABAD,Mahabubabad,MALYALA,79.961111,17.558889,01/11/22,1.93
MAHABUBABAD,Kesamudram,RANGAPUR,79.958617,17.680722,01/11/22,3.05
MAHABUBABAD,Inugurthy,CHINNAMUPPARAM,79.845583,17.627233,01/11/22,4.5
MAHABUBABAD,Bayyaram,UPPALAPADU,80.064056,17.60725,01/11/22,3.16
MAHABUBABAD,Bayyaram,MOTLATHIMMAPUR,80.113056,17.704083,01/11/22,7.24
MAHABUBABAD,Bayyaram,JAGATHRAOPETA,80.165003,17.658067,01/11/22,5.26
MAHABUBABAD,Bayyaram,LAXMIPURAM KOMMAVARAM,80.221411,17.695833,01/11/22,1.37
MAHABUBABAD,Danthalapalle,PEDDAMUPPARAM,79.680833,17.474722,01/11/22,1.15
MAHABUBABAD,Ganagavaram,MARRIGUDEM,80.198111,17.931222,01/11/22,5.29
MAHABUBABAD,Ganagavaram,KAMARAM,80.198067,17.975019,01/11/22,4.26
MAHABUBABAD,Ganagavaram,KODISHALAMETTA,80.183056,17.746306,01/11/22,3.29
MAHABUBABAD,Ganagavaram,PENDEM,80.210833,17.743333,01/11/22,4.56
MAHABUBABAD,Garla,GARLA,80.142956,17.487228,01/11/22,2.33
MAHABUBABAD,Garla,POCHARAM,80.201444,17.486444,01/11/22,2.38
MAHABUBABAD,Kothaguda,BATHULAPALLY,80.099444,17.845,01/11/22,3.8
MAHABUBABAD,Kothaguda,PAGADAPALLI,80.080281,17.953194,01/11/22,2.16
MAHABUBABAD,Maripeda,THANAMCHERLA,79.829167,17.349444,01/11/22,3.8
MAHABUBABAD,Maripeda,PURUSHOTHAMAYAGUDEM,80.944167,17.407556,01/11/22,3.13
MAHABUBABAD,Narsimhulapet,PEDDANAGARAM,79.8125,17.449722,01/11/22,1.34
MAHABUBABAD,Peddavangara,CHINNAVANGARA,79.604944,17.556389,01/11/22,3.81
JANGAON,Bachannapeta,POCHANNAPET,79.03822,17.75364,01/11/22,5.1
JANGAON,Devaruppala,PEDDAMADUR,79.30202,17.6018,01/11/22,2.16
JANGAON,Devaruppala,MADHAPURAM,79.34718,17.62157,01/11/22,2.02
JANGAON,Jangaon,PEMBARTHY,79.11344,17.69158,01/11/22,1.52
JANGAON,Lingalaghanpur,CHEETUR,79.29577,17.68576,01/11/22,4.04
JANGAON,Narmetta,MEKALAGATTU,79.20078,17.84786,01/11/22,5.45
JANGAON,Palakurthi,VALMIDI,79.4536,17.6225,01/11/22,6.3
JANGAON,Raghunathpalle,ASWARAOPALLY,79.27747,17.81902,01/11/22,3.31
JANGAON,Raghunathpalle,GABBETA,79.31384,17.70877,01/11/22,2.58
JANGAON,Tharigoppula,AKKARAJUPALLY,79.16243,17.92524,01/11/22,8.56
JANGAON,Tharigoppula,ABDULNAGARAM,79.22476,17.92588,01/11/22,1.86
JANGAON,Zaffergadh,OBULAPUR,79.48763,17.72587,01/11/22,3.65
JANGAON,Zaffergadh,SURARAM,79.43561,17.76166,01/11/22,1.4
BHUPALPALLY,Chityal,CHALLAGARIGE,79.7415,18.3221,01/11/22,1.28
BHUPALPALLY,Chityal,GIDDAMUTHARAM,79.6587,18.4618,01/11/22,1.34
BHUPALPALLY,Mogullapalle,DUBBYALA,79.6378,18.2854,01/11/22,1.14
BHUPALPALLY,Mogullapalle,MOTLAPALLE,79.5823,18.295,01/11/22,3.19
BHUPALPALLY,Tekumatla,KORIKISHALA,79.6284,18.3368,01/11/22,0.92
BHUPALPALLY,Ghanapur_Mulug,MULUGU GHANPUR,79.877,18.3042,01/11/22,7.62
BHUPALPALLY,Ghanapur_Mulug,BUDDARAM,79.8674,18.2824,01/11/22,8.23
BHUPALPALLY,Regonda,REPAKA,79.7336,18.2821,01/11/22,1.52
BHUPALPALLY,Kataram,DAMERAKUNTA,79.8406,18.6883,01/11/22,5.21
BHUPALPALLY,Mutharam_Mahadevpur,BORLAGUDEM,80.1245,18.4888,01/11/22,3.89
BHUPALPALLY,Malharrao,PEDDA THOONDLA,79.799,18.5183,01/11/22,7.21
BHUPALPALLY,Malharrao,RUDRARAM,79.8983,18.5827,01/11/22,7.82
BHUPALPALLY,Malharrao,VALLENKUNTA,79.8227,18.5924,01/11/22,4.24
BHUPALPALLY,Bhupalpalle,AZAMNAGAR,80.4698,18.4289,01/11/22,7.97
BHUPALPALLY,Bhupalpalle,BHUPALPALLY,79.8963,18.2428,01/11/22,3.81
BHUPALPALLY,Bhupalpalle,GOLLABUDHARAM,80.4257,18.5499,01/11/22,5.28
BHUPALPALLY,Bhupalpalle,KAMALAPUR,80.7052,18.1603,01/11/22,6.02
BHUPALPALLY,Bhupalpalle,PEDDAPUR,79.9216,18.377,01/11/22,7.18
YADADRI,Gundala,Gundala,79.288603,17.511312,01/11/22,1.98
YADADRI,Bommalaramaram,Cheekatimamidi,78.749392,17.596436,01/11/22,3.82
YADADRI,Bommalaramaram,B.Ramaram,78.741884,17.565711,01/11/22,5.03
YADADRI,Addagudur,Dharmaram,79.414536,17.37595,01/11/22,0.76
YADADRI,Alair,Patelguda,79.07994,17.671017,01/11/22,1.48
YADADRI,Alair,Golanukonda,79.13725,17.593556,01/11/22,1.37
YADADRI,Mootakondur,Matoor,79.104417,17.579648,01/11/22,1.68
YADADRI,Rajapet,Challur,78.926328,17.682328,01/11/22,2.6
YADADRI,Rajapet,Pamukunta,78.90925,17.765444,01/11/22,1.48
YADADRI,Turkapalle_M,Konapur,78.859715,17.695228,01/11/22,5.63
YADADRI,Yadagirigutta,Datharpalle,78.901006,17.593969,01/11/22,3.68
YADADRI,Gundala,Bandakothapally,79.357553,17.512347,01/11/22,3.36
YADADRI,Pochampalle,Vankamamidi,78.882556,17.355867,01/11/22,0.82
YADADRI,Choutuppal,Panthangi,78.950394,17.232364,01/11/22,4.36
YADADRI,Ramannapeta,Iskilla,79.166028,17.296231,01/11/22,5.28
YADADRI,Narayanapur,Sarvail,78.929889,17.165361,01/11/22,4.6
MANCHERIAL,Jannaram,JANNARAM,79.01025,19.11655,01/11/22,2.5
MANCHERIAL,Jannaram,TAPALAPUR,79.09163,19.07683,01/11/22,2.45
MANCHERIAL,Bheemaram,BHEEMARAM,79.68911,18.84828,01/11/22,7.72
MANCHERIAL,Mancherial,MANCHERIAL,79.46146,18.89217,01/11/22,3.52
MANCHERIAL,Naspur,NASPUR,79.46898,18.85755,01/11/22,4.15
MANCHERIAL,Vemanpalle,LAXMIPUR,79.75473,19.12932,01/11/22,3.85
MANCHERIAL,Kannepalli,NAYAKINPET,79.72043,19.16371,01/11/22,3.45
JAGITYAL,Ibrahimpatnam,Bardipur,78.574281,18.965706,01/11/22,4.95
JAGITYAL,Mallapur,Mutyampet,78.657592,18.881658,01/11/22,1.38
JAGITYAL,Mallapur,Dharmaram,78.718264,18.890467,01/11/22,5.03
JAGITYAL,Mallapur,Regunta,78.764742,18.938875,01/11/22,2.7
JAGITYAL,Raikal,Tatlavi,78.874178,18.968408,01/11/22,5.73
JAGITYAL,Raikal,Devanpalli,78.874367,19.002386,01/11/22,2.66
JAGITYAL,Dharmapuri,Arepalli,79.022583,19.056417,01/11/22,1.96
JAGITYAL,Beerpur,Narsimlapalli,78.998861,19.003056,01/11/22,3
JAGITYAL,Dharmapuri,Donur,79.027297,18.990331,01/11/22,1.97
JAGITYAL,Buggaram,Buggaram,79.025139,18.870806,01/11/22,3.65
SIRCILLA,Thangallapalle,BASWAPUR,78.131667,18.318658,01/11/22,6.65
SIRCILLA,Ellanthakunta,GALIPALLI,78.997239,18.342528,01/11/22,0.87
SIRCILLA,Mustabad,MOINKUNTA,78.703944,18.237,01/11/22,3.56
SIRCILLA,Yellareddypeta,BANDALINGAMPALLI,78.657,18.335194,01/11/22,13.14
SIRCILLA,Yellareddypeta,ALMASPUR,78.654864,18.430906,01/11/22,2.72
SIRCILLA,Vemulawada_Rural,HANUMAJIPETA,78.795183,18.500014,01/11/22,3.13
SIRCILLA,Chandurthi,JOGAPUR,78.750972,18.549722,01/11/22,2.67
SIRCILLA,Chandurthi,SANUGULA,78.72275,18.561944,01/11/22,3.22
SIRCILLA,Rudrangi,MANALA,78.6205,18.627889,01/11/22,4.56
ADILABAD,Bela,BELA,78.76,19.72,01/11/22,3.5
ADILABAD,Adilabad Rural,PIPPALDHARI,78.65,19.59,01/11/22,3.35
ADILABAD,Adilabad Rural,YAPALGUDA,78.61,19.66,01/11/22,4.82
ADILABAD,Inderavelly,MUTHNOOR,78.63,19.51,01/11/22,7.5
ADILABAD,Gadiguda,GADIGUDA,78.91,19.61,01/11/22,16.05
ADILABAD,Gadiguda,ARJUNI,78.8,19.6,01/11/22,2.1
ADILABAD,Sirikonda,SIRIKONDA,78.58,19.43,01/11/22,5.05
ADILABAD,Ichoda,ICHODA,78.45,19.43,01/11/22,5.15
ADILABAD,Ichoda,NARSAPUR,78.5,19.35,01/11/22,3.5
ADILABAD,Neradigonda,KUNTALA,78.48,19.31,01/11/22,2.2
ADILABAD,Neradigonda,SHANKRAPUR,78.42,19.28,01/11/22,4.8
KHAMMAM,Kusumanchi,Eswaramadharam,79.910611,17.152806,01/11/22,3.45
KHAMMAM,Nelakondapalle,Rajeswarapuram,79.992417,17.148917,01/11/22,1.32
KHAMMAM,Chinthakani,Nagulavancha,80.214722,17.069194,01/11/22,1.71
KHAMMAM,Chinthakani,Chinthakani,80.207389,17.120833,01/11/22,2.48
KHAMMAM,Madhira,Illandulapadu,80.380194,16.902167,01/11/22,2.61
KHAMMAM,Yerrupalem,Jamalapurm,80.51875,16.830844,01/11/22,6.26
KHAMMAM,Wyra,Rebbavaram,80.336972,17.114722,01/11/22,1.42
KHAMMAM,Thallada,Kurnavalli,80.434111,17.300222,01/11/22,0.67
KHAMMAM,Kalluru,Chinkorukondi,80.451611,17.058361,01/11/22,1.42
KHAMMAM,Kalluru,Chandrupatla,80.550389,17.17,01/11/22,1.49
KHAMMAM,Penuballi,Kuppenakuntla,80.649861,17.169111,01/11/22,2.41
KHAMMAM,Thirumalayapalem,Pindiprolu,79.954472,17.268222,01/11/22,2.07
KHAMMAM,Kusumanchi,Chegomma,80.000056,17.251806,01/11/22,2.32
KHAMMAM,Penuballi,Adavimallela / Lankasagar,80.699389,17.182778,01/11/22,1.94
KHAMMAM,Vemsoor,Kondagatla/ KG Mallela,80.655583,17.079917,01/11/22,1.41
KHAMMAM,Sathupalle,Rudrakshapalli,80.656194,17.262472,01/11/22,4.05
KHAMMAM,Sathupalle,Sathupalli,80.817056,17.213972,01/11/22,12.85
KHAMMAM,Raghunadhapalem,Raghunadhapalem,80.205139,17.28875,01/11/22,2.2
KHAMMAM,Singareni,Karepalli,80.274611,17.512222,01/11/22,3.42
KUMURAM BHEEM,Bejjur,PAPANPET,79.90805,19.3089,01/11/22,4.5
KUMURAM BHEEM,Sirpur_U,SIRPUR-U,78.93832,19.34212,01/11/22,2.9
KUMURAM BHEEM,Kerameri,MODIJHARI,79.08705,19.44964,01/11/22,6.16
KUMURAM BHEEM,Chintalamanepally,RAVINDRANAGAR,79.78837,19.4895,01/11/22,1.97
KUMURAM BHEEM,Chintalamanepally,KARJAVELLI,79.82661,19.46114,01/11/22,1.84
KUMURAM BHEEM,Sirpur_T,LONAVELLY,79.63535,19.53858,01/11/22,2.09
KUMURAM BHEEM,Sirpur_T,CHINTHAKUNTA,79.58382,19.4348,01/11/22,6.75
KUMURAM BHEEM,Tiryani,TIRYANI,79.270683,19.17535,01/11/22,8.51
KUMURAM BHEEM,Wankdi,KANNERGAON,79.35109,19.41177,01/11/22,5.07
KUMURAM BHEEM,Wankdi,INDHANI,79.23759,19.46465,01/11/22,4.52
SIDDIPET,Doultabad,Dommat,78.620364,18.008592,01/11/22,13.78
SIDDIPET,Gajwel,Gajwel Pragnapur,78.711053,17.831139,01/11/22,7.03
SIDDIPET,Gajwel,Ahmedipur,78.704717,17.921919,01/11/22,8.83
SIDDIPET,Kondapak,Kondapak,78.868683,17.981331,01/11/22,4.28
SIDDIPET,Mirdoddi,Mirdoddi,78.672008,18.067242,01/11/22,8.67
SIDDIPET,Nanganur,Ankushapur,78.016944,18.041286,01/11/22,3.04
SIDDIPET,Siddipet_Rural,Tadkapally,78.797717,18.060119,01/11/22,6.48
SIDDIPET,Thoguta,Thoguta,78.704044,17.992694,01/11/22,3.75
SIDDIPET,Wargal,Meenajipet,78.547417,17.768881,01/11/22,3.73
SIDDIPET,Komaravelly,Guruvannapet,78.863333,17.875556,01/11/22,2.25
SIDDIPET,Maddur,Dhoolmitta,78.061111,17.989722,01/11/22,8.44
SIDDIPET,Cheriyal,Musthyala,78.993611,17.898056,01/11/22,6.74
SIDDIPET,Cheriyal,Nagapuri (N),78.892778,17.86,01/11/22,6.59
SIDDIPET,Cheriyal,Aknur,78.016944,17.965556,01/11/22,7.94
SIDDIPET,Husnabad,Ummapur,79.246481,18.144911,01/11/22,4.49
SIDDIPET,Koheda,Ramachadrapur,79.085436,18.202522,01/11/22,1.23
SIDDIPET,Bejjanki,Thotapally,79.075097,18.274764,01/11/22,2.94
SIDDIPET,Bejjanki,Devakkapally,79.105489,18.275161,01/11/22,4.41
BHADRADRI,Aswapuram,AMMAGARIPALLI,80.864081,17.866595,01/11/22,2.82
BHADRADRI,Aswaraopeta,ASWARAOPET (M),81.1082,17.2445,01/11/22,30.15
BHADRADRI,Bhadrachalam,BHADRACHALAM,80.90339,17.667899,01/11/22,4.6
BHADRADRI,Burgampadu,BURGAMPAHAD,80.859733,17.646535,01/11/22,5.19
BHADRADRI,Chandrugonda,RAJAPURAM,80.732949,17.350998,01/11/22,2.41
BHADRADRI,Chandrugonda,SEETHAIGUDEM,80.6727,17.4005,01/11/22,2.09
BHADRADRI,Cherla,KOYYURU,80.6727,17.4005,01/11/22,
BHADRADRI,Cherla,PEDHAMEDISILERU,80.862999,18.088943,01/11/22,0.81
BHADRADRI,Cherla,SATHYANARAYANA PURAM,80.865722,18.010813,01/11/22,1.72
BHADRADRI,Cherla,CHUNCHUPALLI,80.61298,17.535536,01/11/22,3.99
BHADRADRI,Dammapeta,WADLAGUDEM,80.9641,17.2049,01/11/22,10.47
BHADRADRI,Gundala,GUNDALA,80.320925,17.906499,01/11/22,0.39
BHADRADRI,Gundala,KANCHANAPALLI,80.432287,17.755199,01/11/22,4.25
BHADRADRI,Julurpad,JULURPADU,80.507265,17.398028,01/11/22,3.31
BHADRADRI,Kothagudem,KOTHAGUDEM,80.625255,17.546487,01/11/22,21.85
BHADRADRI,Laxmidevipalli,BANGARUCHELKA,80.6018,17.7528,01/11/22,4.3
BHADRADRI,Pinapaka,E. BAYYARAM,80.7223,18.0358,01/11/22,1.63
BHADRADRI,Pinapaka,DUGENEPALLI,80.6439,18.1297,01/11/22,2.4
BHADRADRI,Pinapaka,JANAMPETA,80.688929,18.099101,01/11/22,26.01
BHADRADRI,Sujathanagar,SUJATHANAGAR,80.575571,17.483783,01/11/22,3.77
BHADRADRI,Tekulapalle,BOMMANAPALLI,80.573763,17.570785,01/11/22,4.12
BHADRADRI,Tekulapalle,SULANAGAR(D),80.501017,17.560351,01/11/22,2.14
BHADRADRI,Tekulapalle,TEKULAPALLI,80.46635,17.5569,01/11/22,1.49
BHADRADRI,Yellandu,YELLANDU,80.339366,17.578672,01/11/22,3.2
KARIMNAGAR,Ellandakunta,ELLANDAKUNTA,79.51015,18.29079,01/11/22,2.66
KARIMNAGAR,Ellandakunta,MALLIAL,79.53394,18.25554,01/11/22,3.88
KARIMNAGAR,Ellandakunta,RACHAPALLY,79.53922,18.36049,01/11/22,5.72
KARIMNAGAR,Gannervaram,GANNERUVARAM,79.04733,18.38008,01/11/22,3.18
KARIMNAGAR,Karimnagar (Rural-II),NAGULAMALLIAL,79.00162,18.4532,01/11/22,4.5
KARIMNAGAR,Ramadugu,VELICHALA,79.05635,18.49548,01/11/22,3.9
KARIMNAGAR,V_Saidapur,RAIKAL,79.31596,18.15719,01/11/22,2.96
PEDDAPALLY,Antargoan,EGLASPUR,79.35635,18.781298,01/11/22,2.05
PEDDAPALLY,Antargoan,MUGALPAHAD,79.4339,18.7506,01/11/22,1.2
PEDDAPALLY,Dharmaram,KOTHURU,79.2357,18.67,01/11/22,3.3
PEDDAPALLY,Julapalle,KACHAPUR,79.29072,18.62297,01/11/22,1.6
PEDDAPALLY,Kamanpur,KAMANPUR,79.50322,18.65847,01/11/22,1.15
PEDDAPALLY,Mutharam_Manthani,LAKKARAM,79.58053,18.56108,01/11/22,3.55
PEDDAPALLY,Odela,KOLANUR,79.42025,18.50397,01/11/22,2.85
PEDDAPALLY,Palakurthy,PUTNOOR,79.33278,18.74603,01/11/22,2.8
PEDDAPALLY,Peddapalle,RAGAVAPOOR,79.41526,18.63581,01/11/22,1.85
PEDDAPALLY,Peddapalle,BOJANNAPET,79.42364,18.56906,01/11/22,3.5
PEDDAPALLY,Ramagiri,KALVACHERLA,79.53419,18.63314,01/11/22,1.5
PEDDAPALLY,Ramagiri,MUSTYALA,79.56079,18.74537,01/11/22,1.85
PEDDAPALLY,Ramagundam,RAMAGUNDEM,79.435,18.77,01/11/22,5.3
PEDDAPALLY,Srirampur,MANGAPET,79.48303,18.53097,01/11/22,1.2
PEDDAPALLY,Sultanabad,KATANAPALLY,79.28933,18.51321,01/11/22,1.4
PEDDAPALLY,Sultanabad,KANUKULA,79.35597,18.48547,01/11/22,2.25
SANGAREDDY,Ameenapur,SULTHANPUR,78.314583,17.5655,01/11/22,1.13
SANGAREDDY,Andhole,TALELMA,77.975639,17.842722,01/11/22,5.75
SANGAREDDY,Chowtakur,SULTHANPUR,78.091306,17.725889,01/11/22,10.9
SANGAREDDY,Chowtakur,SHIVAMPET,78.100944,17.679472,01/11/22,5.07
SANGAREDDY,Gummadidala,GUMMADIDDLA,78.372167,17.674417,01/11/22,1.88
SANGAREDDY,Hathanoora,REDDY KHANAPUR,78.171,17.690972,01/11/22,14.99
SANGAREDDY,Hathanoora,SIRPURAM,78.159806,17.805306,01/11/22,13.74
SANGAREDDY,Hathanoora,NAGARAM,78.285389,17.660528,01/11/22,3.82
SANGAREDDY,Jinnaram,GADDAPOTHARAM,78.373056,17.591611,01/11/22,5.6
SANGAREDDY,Kalher,MASANPALLY,77.876111,18.1825,01/11/22,11.29
SANGAREDDY,Kalher,FATHEPOOR,77.790972,18.189361,01/11/22,6.89
SANGAREDDY,Kandi,CHERLAGUDEM (KAVALAMPET)/IIT KANDI,78.09,17.520917,01/11/22,8.46
SANGAREDDY,Kandi,INDRAKARAN,78.154917,17.524611,01/11/22,10.2
SANGAREDDY,Kandi,JULKAL,78.107861,17.512472,01/11/22,3.42
SANGAREDDY,Kangti,KANGTI-1,77.615711,18.219492,01/11/22,19.14
SANGAREDDY,Kangti,DAMARGIDDA PANCHAMAHA,77.708689,18.197869,01/11/22,8.22
SANGAREDDY,Kangti,BABULGOAN,77.616556,18.296722,01/11/22,8.19
SANGAREDDY,Kangti,DEGULWADI,77.597139,18.239194,01/11/22,11.97
SANGAREDDY,Kondapur,KONDAPUR                 (THOGARPALLY),78.01,17.551667,01/11/22,9.1
SANGAREDDY,Manoor,BORANCHA,77.785417,17.939444,01/11/22,1.35
SANGAREDDY,Munipalli,PEDDALONI,77.830078,17.771736,01/11/22,7.93
SANGAREDDY,Munipalli,TATIPALLY,77.810667,17.742806,01/11/22,5.96
SANGAREDDY,Nagalgidda,PUSALPAD,77.736111,17.979167,01/11/22,1.69
SANGAREDDY,Nagalgidda,KARASGUTTI,77.608611,18.066639,01/11/22,3.18
SANGAREDDY,Narayankhed,NARAYANAKHED,77.786,18.352778,01/11/22,7.75
SANGAREDDY,Narayankhed,SANJEEVRAOPET,77.800333,18.095028,01/11/22,1.78
SANGAREDDY,Patancheruvu,INOLE,78.253222,17.582444,01/11/22,18.12
SANGAREDDY,Patancheruvu,MUTHANGI,78.225953,17.541461,01/11/22,6.21
SANGAREDDY,Patancheruvu,RUDRARAM,78.167339,17.550992,01/11/22,9.2
SANGAREDDY,Raikode,CHINNAPUR/MAHABATHPUR,77.725111,17.862,01/11/22,3.88
SANGAREDDY,Raikode,KARCHAL,77.816972,17.834722,01/11/22,4.05
SANGAREDDY,Raikode,SINGITHAM,77.785306,17.798583,01/11/22,1.86
SANGAREDDY,Ramachandrapuram,R.C.PURAM,78.289478,17.517397,01/11/22,12.07
SANGAREDDY,Sadasivpet,SADASIVPET,77.956778,17.619528,01/11/22,7.36
SANGAREDDY,Sadasivpet,ATMAKUR,77.933806,17.684778,01/11/22,7.4
SANGAREDDY,Sadasivpet,NIZAMPUR,77.994611,17.669722,01/11/22,19.38
SANGAREDDY,Sangareddy,IRGIPALLY,78.069778,17.624944,01/11/22,8.04
SANGAREDDY,Sangareddy,FASALWADI,78.118917,17.626056,01/11/22,7.07
SANGAREDDY,Watpalle,PALVATLA,77.915611,17.874083,01/11/22,3.32
MULUGU,Eturunagaram,BHUTARAM,80.4051,18.3523,01/11/22,
MULUGU,Eturunagaram,CHELPAKA,80.3736,18.4044,01/11/22,5.7
MULUGU,Eturunagaram,CHINNABOINAPALLY,80.396705,18.289298,01/11/22,
MULUGU,Eturunagaram,MUPPANAPALLY,80.3458,18.5056,01/11/22,5.82
MULUGU,Eturunagaram,SHANKARRAJUPALLY,80.4314,18.4086,01/11/22,5.15
MULUGU,Kannaigudem,TUPAKULAGUDEM,80.3777,18.5829,01/11/22,6.22
MULUGU,Govindaraopet,MACHAPUR,80.0601,18.2104,01/11/22,3.65
MULUGU,Govindaraopet,BUSSAPUR,80.0764,18.1765,01/11/22,4.4
MULUGU,Mangapet,AKINEPALLI MALLARAM,80.6791,18.1149,01/11/22,4.12
MULUGU,Mulug,ABBAPUR,79.875064,18.175321,01/11/22,10.68
MULUGU,Mulug,POTLAPUR,79.991955,18.109233,01/11/22,5.05
MULUGU,Mulug,SARVAPUR,80.069242,18.123448,01/11/22,1.6
MULUGU,Tadvai,KATAPUR,80.400057,18.163008,01/11/22,3
MULUGU,Tadvai,KODISHALA,80.2429,18.0829,01/11/22,3.8
MULUGU,Tadvai,LINGALA,80.283708,18.000138,01/11/22,7.1
MULUGU,Tadvai,NARLAPUR,80.205991,18.310044,01/11/22,
MULUGU,Tadvai,OORATTAM,80.23637,18.340245,01/11/22,3.3
MULUGU,Venkatapur,NARSAPUR,79.890764,18.239787,01/11/22,3.89
MULUGU,Venkatapur,SURAVEDU ,80.698551,18.168132,01/11/22,5.82
MULUGU,Wazeed,WAZEED,80.475837,18.443866,01/11/22,8.3
Nizamabad,Bheemgal,Bheemgal,78.41197,18.68714,01/11/22,
Nizamabad,Makloor,Makloor,78.12553,18.76342,01/11/22,
Nizamabad,Navipet,Yemcha,77.9676,18.85156,01/11/22,
Nizamabad,Ranjal,Satapoor,77.93572,18.75864,01/11/22,
Nizamabad,Rudrur,Rudroor,77.88139,18.58975,01/11/22,
Nizamabad,Sirkonda,Cheemanpally,78.54143,18.55127,01/11/22,
MEDAK,Papannapet,PODCHANPALLY,,,01/11/22,
KHAMMAM,Chinthakani,Nereda,,,01/11/22,4.37
KHAMMAM,Enkuru,Arekayalapadu,,,01/11/22,12.11
KHAMMAM,Enkuru,Jannaram,,,01/11/22,3.86
KHAMMAM,Thallada,Annarugudem,,,01/11/22,0.85
KHAMMAM,Thallada,Billupadu,,,01/11/22,1.86
KHAMMAM,Thallada,Mallaram,,,01/11/22,1.91
KUMURAM BHEEM,Asifabad,ASIFABAD-2,,,01/11/22,13.52
KUMURAM BHEEM,Rebbana,REBBENA-1,,,01/11/22,5.72
SANGAREDDY,Kangti,Chapta-K,,,01/11/22,9.13
SANGAREDDY,Andhole,Annasagar,,,01/11/22,4.78
SANGAREDDY,Gummadidala,Kanukunta,,,01/11/22,14.55
SANGAREDDY,Hathanoora,Panyal,,,01/11/22,16.22
SANGAREDDY,Munipalli,Munipally,,,01/11/22,2.35
SANGAREDDY,Sadasivpet,Maddikunta,,,01/11/22,1.36
SANGAREDDY,Sirgapoor,Wangdhal,,,01/11/22,6.1
SIRCILLA,Konaraopeta,Marrimadla,,,01/11/22,
SIRCILLA,Mustabad,Mustabad (NC),,,01/11/22,
SIRCILLA,Rudrangi,Rudrangi (NC),,,01/11/22,1.52
VIKARABAD,Basheerabad,Manthatti,,,01/11/22,6.62
VIKARABAD,Doma,Dirsanpally,,,01/11/22,5.87
VIKARABAD,Kulkacharla,Mujahidpur,,,01/11/22,8.53
VIKARABAD,Marpalle,Marpalle(D),,,01/11/22,13.2
VIKARABAD,Vikarabad,Vikarabad (D),,,01/11/22,8.95
VIKARABAD,Yelal,Bennur,,,01/11/22,
VIKARABAD,Yelal,Thimmaipally,,,01/11/22,4.25
Rangareddy,Amangal,Amangal,78.530773,16.855413,01/11/22,3.42
Rangareddy,Talakondapalle,Veljal,78.36469,16.82727,01/11/22,8.16
Vikarabad,Bantwaram,Turmamidi,77.654735,17.460217,01/11/22,7.36
Vikarabad,Basheerabad,Mailwar,77.745241,17.381558,01/11/22,7.08
Vikarabad,Bomraspeta,Amsanpalle,77.719776,17.093385,01/11/22,9.96
Vikarabad,Bomraspeta,Burhanpoor,77.757095,17.189159,01/11/22,11
Vikarabad,Bomraspeta,Gouraram,78.651568,17.774422,01/11/22,6.93
Vikarabad,Dharur,Kerelli,77.831989,17.310537,01/11/22,3.64
Vikarabad,Doma,Gumdal,77.789107,17.009909,01/11/22,10.12
Vikarabad,Doulatabad,Gokafasalwada,77.572725,16.955295,01/11/22,4.35
Vikarabad,Kodangal,Angadiraichur,77.536854,17.086132,01/11/22,2.25
Vikarabad,Kodangal,Nagaram,77.532771,17.143019,01/11/22,0.69
Vikarabad,Kodangal,Upparpalle,77.500471,17.11084,01/11/22,11.23
Vikarabad,Kotepally,Kotepalli,77.745241,17.381558,01/11/22,9.41
Vikarabad,Kotepally,Jinnaram,77.785021,17.403091,01/11/22,9.1
Vikarabad,Kulkacharla,Veerapur,77.986145,16.967467,01/11/22,4.55
Vikarabad,Kulkacharla,Antharam,77.871932,16.972334,01/11/22,5.85
Vikarabad,Marpalle,Dargupalli,77.821656,17.591854,01/11/22,9.85
Vikarabad,Mominpet,Mekavanampally,77.913698,17.560946,01/11/22,7.57
Vikarabad,Nawabpet,Ekmamidi,77.920359,17.40078,01/11/22,4.68
Vikarabad,Nawabpet,Madireddy palli,77.004063,17.451026,01/11/22,19.42
Vikarabad,Pargi,Mittakodur,77.80894,17.20192,01/11/22,3.42
Vikarabad,Pargi,Naskal,77.87433,17.230163,01/11/22,Dry
Vikarabad,Pargi,Rangampalli,77.826554,17.158077,01/11/22,16.67
Vikarabad,Pargi,Rapole,77.948533,17.125272,01/11/22,8.93
Vikarabad,Peddemul,Nagulapalli,77.64602,17.386036,01/11/22,27.08
Vikarabad,Pudur,"Nizampet
medipalli",77.999926,17.159429,01/11/22,3.04
Vikarabad,Tandur,Bijwaram,77.65652,17.252134,01/11/22,7.31
Vikarabad,Tandur,Gingurthy,77.545347,17.344286,01/11/22,12.98
Vikarabad,Tandur,Karankote,77.476801,17.294727,01/11/22,4.68
Vikarabad,Tandur,Sangamkalan,77.46163,17.357033,01/11/22,6.23
Vikarabad,Tandur,Uddendapur,77.532225,17.385981,01/11/22,22.45
Vikarabad,Vikarabad,Madanpalli,77.856392,17.388567,01/11/22,8.65
Vikarabad,Yelal,Devanoor,77.680574,17.191836,01/11/22,18.38
Vikarabad,Yelal,Juntupally,77.558254,17.166681,01/11/22,8.56
Vikarabad,Yelal,Rasnam,77.736039,17.245458,01/11/22,3.8
SANGAREDDY,Jharasangam,JHARASANGAM ,77.708111,17.760278,01/11/22,3.56
SANGAREDDY,Jharasangam,MACHANOOR,77.674389,17.724278,01/11/22,4.07
SANGAREDDY,Kohir,BILALPUR,77.687611,17.562083,01/11/22,9.04
SANGAREDDY,Kohir,BADAMPET,77.658361,17.563667,01/11/22,10.15
SANGAREDDY,Mogdampalle,MOGUDAMPALLY,77.506361,17.615139,01/11/22,4.65
SANGAREDDY,Mogdampalle,MANNAPUR,77.52325,17.632861,01/11/22,1.9
SANGAREDDY,Mogdampalle,DHANASRI,77.466972,17.645889,01/11/22,7.35
SANGAREDDY,Naykal,NYALKAL,77.665167,17.839583,01/11/22,2.65
SANGAREDDY,Sirgapoor,WASAR,77.667556,18.133583,01/11/22,10.29
SANGAREDDY,Zahirabad,SATWAR,77.526028,17.699556,01/11/22,3.34
SANGAREDDY,Zahirabad,MALCHELMA,77.609028,17.585194,01/11/22,13.46
SANGAREDDY,Naykal,Dappur,77.75025,17.863111,01/11/22,6.58